sourceTaxonID	sourceTaxonName	interactionTypeId	interactionTypeName	targetTaxonId	targetTaxonName	localityId	localityName	decimalLatitude	decimalLongitude	observationDateTime	referenceDoi	referenceCitation	referenceUrl
EOL:963560	Agarum cribrosum		habitatFor	EOL:2604866	crab	GEONAMES:3425505	Greenland					Jensen & Christensen (Eds) 2003. The Biodiversity of Greenland - A Country Study. Technical Report 55.  Pinngortitaleriffik, Grønlands Naturinstitut. 165 pp	
EOL:963560	Agarum cribrosum		habitatFor	EOL:1011820	Cyclopterus lumpus	GEONAMES:3425505	Greenland					Jensen & Christensen (Eds) 2003. The Biodiversity of Greenland - A Country Study. Technical Report 55.  Pinngortitaleriffik, Grønlands Naturinstitut. 165 pp	
EOL:963560	Agarum cribrosum		habitatFor	EOL:1926	Echinodermata	GEONAMES:3425505	Greenland					Jensen & Christensen (Eds) 2003. The Biodiversity of Greenland - A Country Study. Technical Report 55.  Pinngortitaleriffik, Grønlands Naturinstitut. 165 pp	
EOL:963560	Agarum cribrosum		habitatFor	EOL:224625	Liparis tunicata	GEONAMES:3425505	Greenland					Jensen & Christensen (Eds) 2003. The Biodiversity of Greenland - A Country Study. Technical Report 55.  Pinngortitaleriffik, Grønlands Naturinstitut. 165 pp	
EOL:963560	Agarum cribrosum		habitatFor	EOL:619397	Littorina obtusata	GEONAMES:3425505	Greenland					Jensen & Christensen (Eds) 2003. The Biodiversity of Greenland - A Country Study. Technical Report 55.  Pinngortitaleriffik, Grønlands Naturinstitut. 165 pp	
EOL:963560	Agarum cribrosum		habitatFor	EOL:205084	Mallotus villosus	GEONAMES:3425505	Greenland					Jensen & Christensen (Eds) 2003. The Biodiversity of Greenland - A Country Study. Technical Report 55.  Pinngortitaleriffik, Grønlands Naturinstitut. 165 pp	
EOL:963560	Agarum cribrosum		habitatFor	EOL:619494	Margarita helicina	GEONAMES:3425505	Greenland					Jensen & Christensen (Eds) 2003. The Biodiversity of Greenland - A Country Study. Technical Report 55.  Pinngortitaleriffik, Grønlands Naturinstitut. 165 pp	
EOL:963560	Agarum cribrosum		habitatFor	EOL:502990	Nucella lapillus	GEONAMES:3425505	Greenland					Jensen & Christensen (Eds) 2003. The Biodiversity of Greenland - A Country Study. Technical Report 55.  Pinngortitaleriffik, Grønlands Naturinstitut. 165 pp	
EOL:963560	Agarum cribrosum		habitatFor	EOL:212353	Pholis gunellus	GEONAMES:3425505	Greenland					Jensen & Christensen (Eds) 2003. The Biodiversity of Greenland - A Country Study. Technical Report 55.  Pinngortitaleriffik, Grønlands Naturinstitut. 165 pp	
EOL:1049773	Alle alle	RO:0002470	eats	EOL:1158	amphipod	GEONAMES:3425505	Greenland						http://eol.org/data_objects/31375811
EOL:1049773	Alle alle	RO:0002470	eats	EOL:1278	Euphausiacea	GEONAMES:3425505	Greenland						http://eol.org/data_objects/31375811
EOL:1049773	Alle alle	RO:0002470	eats	EOL:2604866	crab	GEONAMES:3425505	Greenland					Jensen & Christensen (Eds) 2003. The Biodiversity of Greenland - A Country Study. Technical Report 55.  Pinngortitaleriffik, Grønlands Naturinstitut. 165 pp	
EOL:1049773	Alle alle	RO:0002470	eats	EOL:1278	Euphausiacea	GEONAMES:3425505	Greenland					Jensen & Christensen (Eds) 2003. The Biodiversity of Greenland - A Country Study. Technical Report 55.  Pinngortitaleriffik, Grønlands Naturinstitut. 165 pp	
EOL:107300	Alnus		cooccurs	EOL:5664	basidiomycete	GEONAMES:3425505	Greenland					Jensen & Christensen (Eds) 2003. The Biodiversity of Greenland - A Country Study. Technical Report 55.  Pinngortitaleriffik, Grønlands Naturinstitut. 165 pp	
EOL:1053894	Alopex lagopus	RO:0002470	eats	EOL:8001	Laridae	GEONAMES:3425505	Greenland						http://eol.org/data_objects/10539763
EOL:1053894	Alopex lagopus	RO:0002470	eats	EOL:1052765	Calcarius lapponicus	GEONAMES:3425505	Greenland						http://eol.org/data_objects/31303298
EOL:1053894	Alopex lagopus	RO:0002470	eats	EOL:13736	Carduelis	GEONAMES:3425505	Greenland						http://eol.org/data_objects/31303298
EOL:1053894	Alopex lagopus	RO:0002470	eats		carrion	GEONAMES:3425505	Greenland						http://eol.org/data_objects/31303298
EOL:1053894	Alopex lagopus	RO:0002470	eats	EOL:900211	Lagopus mutus	GEONAMES:3425505	Greenland						http://eol.org/data_objects/31303298
EOL:1053894	Alopex lagopus	RO:0002470	eats	EOL:988114	Lepus arcticus	GEONAMES:3425505	Greenland						http://eol.org/data_objects/31303298
EOL:1053894	Alopex lagopus	RO:0002470	eats	EOL:1052768	Plectrophenax nivalis	GEONAMES:3425505	Greenland						http://eol.org/data_objects/31303298
EOL:1053894	Alopex lagopus	RO:0002470	eats	EOL:328422	Dicrostonyx torquatus	GEONAMES:3425505	Greenland					Jensen & Christensen (Eds) 2003. The Biodiversity of Greenland - A Country Study. Technical Report 55.  Pinngortitaleriffik, Grønlands Naturinstitut. 165 pp	
EOL:6668703	Alpova diplophloeus		cooccurs	EOL:107300	Alnus	GEONAMES:3425505	Greenland					Jensen & Christensen (Eds) 2003. The Biodiversity of Greenland - A Country Study. Technical Report 55.  Pinngortitaleriffik, Grønlands Naturinstitut. 165 pp	
EOL:1158	amphipod	RO:0002470	eats		ice algae	GEONAMES:3425505	Greenland					Jensen & Christensen (Eds) 2003. The Biodiversity of Greenland - A Country Study. Technical Report 55.  Pinngortitaleriffik, Grønlands Naturinstitut. 165 pp	
EOL:28124	Anarhichas	RO:0002470	eats	EOL:1926	Echinodermata	GEONAMES:3425505	Greenland					Jensen & Christensen (Eds) 2003. The Biodiversity of Greenland - A Country Study. Technical Report 55.  Pinngortitaleriffik, Grønlands Naturinstitut. 165 pp	
EOL:2760803	Anoplura	RO:0002445	parasitizes	EOL:1053894	Alopex lagopus	GEONAMES:3425505	Greenland					Jensen & Christensen (Eds) 2003. The Biodiversity of Greenland - A Country Study. Technical Report 55.  Pinngortitaleriffik, Grønlands Naturinstitut. 165 pp	
EOL:2760803	Anoplura	RO:0002445	parasitizes	EOL:328631	Erignathus barbatus	GEONAMES:3425505	Greenland					Jensen & Christensen (Eds) 2003. The Biodiversity of Greenland - A Country Study. Technical Report 55.  Pinngortitaleriffik, Grønlands Naturinstitut. 165 pp	
EOL:2760803	Anoplura	RO:0002445	parasitizes	EOL:328627	Odobenus rosmarus	GEONAMES:3425505	Greenland					Jensen & Christensen (Eds) 2003. The Biodiversity of Greenland - A Country Study. Technical Report 55.  Pinngortitaleriffik, Grønlands Naturinstitut. 165 pp	
EOL:2760803	Anoplura	RO:0002445	parasitizes	EOL:328629	Phoca vitulina	GEONAMES:3425505	Greenland					Jensen & Christensen (Eds) 2003. The Biodiversity of Greenland - A Country Study. Technical Report 55.  Pinngortitaleriffik, Grønlands Naturinstitut. 165 pp	
EOL:1266357	Anser albifrons flaviostris	RO:0002470	eats	EOL:583132	Hippuris vulgaris	GEONAMES:3425505	Greenland					Jensen & Christensen (Eds) 2003. The Biodiversity of Greenland - A Country Study. Technical Report 55.  Pinngortitaleriffik, Grønlands Naturinstitut. 165 pp	
EOL:1266357	Anser albifrons flaviostris	RO:0002470	eats	EOL:583132	Hippuris vulgaris	GEONAMES:3425505	Greenland					Jensen & Christensen (Eds) 2003. The Biodiversity of Greenland - A Country Study. Technical Report 55.  Pinngortitaleriffik, Grønlands Naturinstitut. 165 pp	
EOL:1266357	Anser albifrons flaviostris	RO:0002470	eats	EOL:583132	Hippuris vulgaris	GEONAMES:3425505	Greenland					Jensen & Christensen (Eds) 2003. The Biodiversity of Greenland - A Country Study. Technical Report 55.  Pinngortitaleriffik, Grønlands Naturinstitut. 165 pp	
EOL:1266357	Anser albifrons flaviostris	RO:0002470	eats	EOL:583132	Hippuris vulgaris	GEONAMES:3425505	Greenland					Jensen & Christensen (Eds) 2003. The Biodiversity of Greenland - A Country Study. Technical Report 55.  Pinngortitaleriffik, Grønlands Naturinstitut. 165 pp	
EOL:1048460	Anser caerulescens	RO:0002470	eats	EOL:4178	Juncaginaceae	GEONAMES:3425505	Greenland					Jensen & Christensen (Eds) 2003. The Biodiversity of Greenland - A Country Study. Technical Report 55.  Pinngortitaleriffik, Grønlands Naturinstitut. 165 pp	
EOL:1048460	Anser caerulescens	RO:0002470	eats	EOL:4178	Juncaginaceae	GEONAMES:3425505	Greenland					Jensen & Christensen (Eds) 2003. The Biodiversity of Greenland - A Country Study. Technical Report 55.  Pinngortitaleriffik, Grønlands Naturinstitut. 165 pp	
EOL:1048460	Anser caerulescens	RO:0002470	eats	EOL:4178	Juncaginaceae	GEONAMES:3425505	Greenland					Jensen & Christensen (Eds) 2003. The Biodiversity of Greenland - A Country Study. Technical Report 55.  Pinngortitaleriffik, Grønlands Naturinstitut. 165 pp	
EOL:1048460	Anser caerulescens	RO:0002470	eats	EOL:4178	Juncaginaceae	GEONAMES:3425505	Greenland					Jensen & Christensen (Eds) 2003. The Biodiversity of Greenland - A Country Study. Technical Report 55.  Pinngortitaleriffik, Grønlands Naturinstitut. 165 pp	
EOL:551	Aphidoidea	RO:0002470	eats	EOL:8211	Cyperaceae	GEONAMES:3425505	Greenland					Jensen & Christensen (Eds) 2003. The Biodiversity of Greenland - A Country Study. Technical Report 55.  Pinngortitaleriffik, Grønlands Naturinstitut. 165 pp	
EOL:551	Aphidoidea	RO:0002470	eats	EOL:8223	Poaceae	GEONAMES:3425505	Greenland					Jensen & Christensen (Eds) 2003. The Biodiversity of Greenland - A Country Study. Technical Report 55.  Pinngortitaleriffik, Grønlands Naturinstitut. 165 pp	
EOL:551	Aphidoidea	RO:0002470	eats	EOL:32667	Salix	GEONAMES:3425505	Greenland					Jensen & Christensen (Eds) 2003. The Biodiversity of Greenland - A Country Study. Technical Report 55.  Pinngortitaleriffik, Grønlands Naturinstitut. 165 pp	
EOL:1031756	Armillaria lutea	RO:0002445	parasitizes	EOL:44475	Betula	GEONAMES:3425505	Greenland					Jensen & Christensen (Eds) 2003. The Biodiversity of Greenland - A Country Study. Technical Report 55.  Pinngortitaleriffik, Grønlands Naturinstitut. 165 pp	
EOL:1031756	Armillaria lutea	RO:0002445	parasitizes	EOL:34193	Larix	GEONAMES:3425505	Greenland					Jensen & Christensen (Eds) 2003. The Biodiversity of Greenland - A Country Study. Technical Report 55.  Pinngortitaleriffik, Grønlands Naturinstitut. 165 pp	
EOL:1031756	Armillaria lutea	RO:0002445	parasitizes	EOL:14029	Picea	GEONAMES:3425505	Greenland					Jensen & Christensen (Eds) 2003. The Biodiversity of Greenland - A Country Study. Technical Report 55.  Pinngortitaleriffik, Grønlands Naturinstitut. 165 pp	
EOL:328577	Balaena mysticetus	RO:0002470	eats	EOL:2625033	copepod	GEONAMES:3425505	Greenland						http://eol.org/data_objects/30950963
EOL:328577	Balaena mysticetus	RO:0002470	eats	EOL:1278	Euphausiacea	GEONAMES:3425505	Greenland						http://eol.org/data_objects/30950963
EOL:328577	Balaena mysticetus	RO:0002470	eats	EOL:4930431	pteropod	GEONAMES:3425505	Greenland					Jensen & Christensen (Eds) 2003. The Biodiversity of Greenland - A Country Study. Technical Report 55.  Pinngortitaleriffik, Grønlands Naturinstitut. 165 pp	
EOL:328570	Balaenoptera acutorostrata	RO:0002470	eats	EOL:203867	Boreogadus saida	GEONAMES:3425505	Greenland					Jensen & Christensen (Eds) 2003. The Biodiversity of Greenland - A Country Study. Technical Report 55.  Pinngortitaleriffik, Grønlands Naturinstitut. 165 pp	
EOL:328570	Balaenoptera acutorostrata	RO:0002470	eats	EOL:2312	cephalopod	GEONAMES:3425505	Greenland					Jensen & Christensen (Eds) 2003. The Biodiversity of Greenland - A Country Study. Technical Report 55.  Pinngortitaleriffik, Grønlands Naturinstitut. 165 pp	
EOL:328570	Balaenoptera acutorostrata	RO:0002470	eats	EOL:847095	Clupea harengus	GEONAMES:3425505	Greenland					Jensen & Christensen (Eds) 2003. The Biodiversity of Greenland - A Country Study. Technical Report 55.  Pinngortitaleriffik, Grønlands Naturinstitut. 165 pp	
EOL:328570	Balaenoptera acutorostrata	RO:0002470	eats	EOL:2625033	copepod	GEONAMES:3425505	Greenland					Jensen & Christensen (Eds) 2003. The Biodiversity of Greenland - A Country Study. Technical Report 55.  Pinngortitaleriffik, Grønlands Naturinstitut. 165 pp	
EOL:328570	Balaenoptera acutorostrata	RO:0002470	eats	EOL:1278	Euphausiacea	GEONAMES:3425505	Greenland					Jensen & Christensen (Eds) 2003. The Biodiversity of Greenland - A Country Study. Technical Report 55.  Pinngortitaleriffik, Grønlands Naturinstitut. 165 pp	
EOL:328570	Balaenoptera acutorostrata	RO:0002470	eats	EOL:205084	Mallotus villosus	GEONAMES:3425505	Greenland					Jensen & Christensen (Eds) 2003. The Biodiversity of Greenland - A Country Study. Technical Report 55.  Pinngortitaleriffik, Grønlands Naturinstitut. 165 pp	
EOL:328574	Balanoptera musculus	RO:0002470	eats	EOL:1278	Euphausiacea	GEONAMES:3425505	Greenland					Jensen & Christensen (Eds) 2003. The Biodiversity of Greenland - A Country Study. Technical Report 55.  Pinngortitaleriffik, Grønlands Naturinstitut. 165 pp	
EOL:336009	Balanus balanoides	RO:0002470	eats	ENVO:01000063	plankton	GEONAMES:3425505	Greenland					Jensen & Christensen (Eds) 2003. The Biodiversity of Greenland - A Country Study. Technical Report 55.  Pinngortitaleriffik, Grønlands Naturinstitut. 165 pp	
EOL:44475	Betula		cooccurs	EOL:5664	basidiomycete	GEONAMES:3425505	Greenland					Jensen & Christensen (Eds) 2003. The Biodiversity of Greenland - A Country Study. Technical Report 55.  Pinngortitaleriffik, Grønlands Naturinstitut. 165 pp	
EOL:44475	Betula		habitatFor	EOL:1052765	Calcarius lapponicus	GEONAMES:3425505	Greenland					Jensen & Christensen (Eds) 2003. The Biodiversity of Greenland - A Country Study. Technical Report 55.  Pinngortitaleriffik, Grønlands Naturinstitut. 165 pp	
EOL:44475	Betula		habitatFor	EOL:13736	Carduelis	GEONAMES:3425505	Greenland					Jensen & Christensen (Eds) 2003. The Biodiversity of Greenland - A Country Study. Technical Report 55.  Pinngortitaleriffik, Grønlands Naturinstitut. 165 pp	
EOL:44475	Betula		cooccurs	EOL:583648	Ledum palustre	GEONAMES:3425505	Greenland					Jensen & Christensen (Eds) 2003. The Biodiversity of Greenland - A Country Study. Technical Report 55.  Pinngortitaleriffik, Grønlands Naturinstitut. 165 pp	
EOL:44475	Betula		cooccurs	EOL:29929	Sorbus	GEONAMES:3425505	Greenland					Jensen & Christensen (Eds) 2003. The Biodiversity of Greenland - A Country Study. Technical Report 55.  Pinngortitaleriffik, Grønlands Naturinstitut. 165 pp	
EOL:44475	Betula		cooccurs	EOL:484410	Vaccinium vitis-idaea	GEONAMES:3425505	Greenland					Jensen & Christensen (Eds) 2003. The Biodiversity of Greenland - A Country Study. Technical Report 55.  Pinngortitaleriffik, Grønlands Naturinstitut. 165 pp	
EOL:2215	bivalve	RO:0002470	eats	ENVO:01000063	plankton	GEONAMES:3425505	Greenland					Jensen & Christensen (Eds) 2003. The Biodiversity of Greenland - A Country Study. Technical Report 55.  Pinngortitaleriffik, Grønlands Naturinstitut. 165 pp	
EOL:203867	Boreogadus saida	RO:0002470	eats	EOL:1158	amphipod	GEONAMES:3425505	Greenland					Jensen & Christensen (Eds) 2003. The Biodiversity of Greenland - A Country Study. Technical Report 55.  Pinngortitaleriffik, Grønlands Naturinstitut. 165 pp	
EOL:203867	Boreogadus saida	RO:0002470	eats	EOL:2625033	copepod	GEONAMES:3425505	Greenland					Jensen & Christensen (Eds) 2003. The Biodiversity of Greenland - A Country Study. Technical Report 55.  Pinngortitaleriffik, Grønlands Naturinstitut. 165 pp	
EOL:203867	Boreogadus saida	RO:0002470	eats	EOL:1278	Euphausiacea	GEONAMES:3425505	Greenland					Jensen & Christensen (Eds) 2003. The Biodiversity of Greenland - A Country Study. Technical Report 55.  Pinngortitaleriffik, Grønlands Naturinstitut. 165 pp	
EOL:1273268	Branta bernicla hrota	RO:0002470	eats	EOL:8211	Cyperaceae	GEONAMES:3425505	Greenland					Jensen & Christensen (Eds) 2003. The Biodiversity of Greenland - A Country Study. Technical Report 55.  Pinngortitaleriffik, Grønlands Naturinstitut. 165 pp	
EOL:1273268	Branta bernicla hrota	RO:0002470	eats	EOL:8211	Cyperaceae	GEONAMES:3425505	Greenland					Jensen & Christensen (Eds) 2003. The Biodiversity of Greenland - A Country Study. Technical Report 55.  Pinngortitaleriffik, Grønlands Naturinstitut. 165 pp	
EOL:1273268	Branta bernicla hrota	RO:0002470	eats	EOL:8211	Cyperaceae	GEONAMES:3425505	Greenland					Jensen & Christensen (Eds) 2003. The Biodiversity of Greenland - A Country Study. Technical Report 55.  Pinngortitaleriffik, Grønlands Naturinstitut. 165 pp	
EOL:1273268	Branta bernicla hrota	RO:0002470	eats	EOL:8211	Cyperaceae	GEONAMES:3425505	Greenland					Jensen & Christensen (Eds) 2003. The Biodiversity of Greenland - A Country Study. Technical Report 55.  Pinngortitaleriffik, Grønlands Naturinstitut. 165 pp	
EOL:913235	Branta canadensis	RO:0002470	eats	EOL:8223	Poaceae	GEONAMES:3425505	Greenland					Jensen & Christensen (Eds) 2003. The Biodiversity of Greenland - A Country Study. Technical Report 55.  Pinngortitaleriffik, Grønlands Naturinstitut. 165 pp	
EOL:913235	Branta canadensis	RO:0002470	eats	EOL:8223	Poaceae	GEONAMES:3425505	Greenland					Jensen & Christensen (Eds) 2003. The Biodiversity of Greenland - A Country Study. Technical Report 55.  Pinngortitaleriffik, Grønlands Naturinstitut. 165 pp	
EOL:913235	Branta canadensis	RO:0002470	eats	EOL:8223	Poaceae	GEONAMES:3425505	Greenland					Jensen & Christensen (Eds) 2003. The Biodiversity of Greenland - A Country Study. Technical Report 55.  Pinngortitaleriffik, Grønlands Naturinstitut. 165 pp	
EOL:913235	Branta canadensis	RO:0002470	eats	EOL:8223	Poaceae	GEONAMES:3425505	Greenland					Jensen & Christensen (Eds) 2003. The Biodiversity of Greenland - A Country Study. Technical Report 55.  Pinngortitaleriffik, Grønlands Naturinstitut. 165 pp	
EOL:1052765	Calcarius lapponicus	RO:0002470	eats	EOL:482	Chironomidae	GEONAMES:3425505	Greenland					Jensen & Christensen (Eds) 2003. The Biodiversity of Greenland - A Country Study. Technical Report 55.  Pinngortitaleriffik, Grønlands Naturinstitut. 165 pp	
EOL:1049497	Calidris alpina	RO:0002470	eats	EOL:1158	amphipod	GEONAMES:3425505	Greenland					Jensen & Christensen (Eds) 2003. The Biodiversity of Greenland - A Country Study. Technical Report 55.  Pinngortitaleriffik, Grønlands Naturinstitut. 165 pp	
EOL:1049497	Calidris alpina	RO:0002470	eats	EOL:336009	Balanus balanoides	GEONAMES:3425505	Greenland					Jensen & Christensen (Eds) 2003. The Biodiversity of Greenland - A Country Study. Technical Report 55.  Pinngortitaleriffik, Grønlands Naturinstitut. 165 pp	
EOL:328607	Canis lupus	RO:0002470	eats	EOL:328422	Dicrostonyx torquatus	GEONAMES:3425505	Greenland					Jensen & Christensen (Eds) 2003. The Biodiversity of Greenland - A Country Study. Technical Report 55.  Pinngortitaleriffik, Grønlands Naturinstitut. 165 pp	
EOL:328607	Canis lupus	RO:0002470	eats	EOL:328631	Erignathus barbatus	GEONAMES:3425505	Greenland					Jensen & Christensen (Eds) 2003. The Biodiversity of Greenland - A Country Study. Technical Report 55.  Pinngortitaleriffik, Grønlands Naturinstitut. 165 pp	
EOL:328607	Canis lupus	RO:0002470	eats	EOL:988114	Lepus arcticus	GEONAMES:3425505	Greenland					Jensen & Christensen (Eds) 2003. The Biodiversity of Greenland - A Country Study. Technical Report 55.  Pinngortitaleriffik, Grønlands Naturinstitut. 165 pp	
EOL:328607	Canis lupus	RO:0002470	eats	EOL:328656	Ovibos moschatus	GEONAMES:3425505	Greenland					Jensen & Christensen (Eds) 2003. The Biodiversity of Greenland - A Country Study. Technical Report 55.  Pinngortitaleriffik, Grønlands Naturinstitut. 165 pp	
EOL:328607	Canis lupus	RO:0002470	eats	EOL:328629	Phoca vitulina	GEONAMES:3425505	Greenland					Jensen & Christensen (Eds) 2003. The Biodiversity of Greenland - A Country Study. Technical Report 55.  Pinngortitaleriffik, Grønlands Naturinstitut. 165 pp	
EOL:13736	Carduelis	RO:0002470	eats	EOL:482	Chironomidae	GEONAMES:3425505	Greenland					Jensen & Christensen (Eds) 2003. The Biodiversity of Greenland - A Country Study. Technical Report 55.  Pinngortitaleriffik, Grønlands Naturinstitut. 165 pp	
EOL:583644	Cassiope tetragona		cooccurs	EOL:587346	Huperzia selago	GEONAMES:3425505	Greenland					Jensen & Christensen (Eds) 2003. The Biodiversity of Greenland - A Country Study. Technical Report 55.  Pinngortitaleriffik, Grønlands Naturinstitut. 165 pp	
EOL:583644	Cassiope tetragona		cooccurs	EOL:38102	Pedicularis	GEONAMES:3425505	Greenland					Jensen & Christensen (Eds) 2003. The Biodiversity of Greenland - A Country Study. Technical Report 55.  Pinngortitaleriffik, Grønlands Naturinstitut. 165 pp	
EOL:728412	Cephenemyia trompe	RO:0002445	parasitizes	EOL:328653	Rangifer tarandus	GEONAMES:3425505	Greenland					Jensen & Christensen (Eds) 2003. The Biodiversity of Greenland - A Country Study. Technical Report 55.  Pinngortitaleriffik, Grønlands Naturinstitut. 165 pp	
EOL:567	Cicadellidae	RO:0002470	eats	EOL:8211	Cyperaceae	GEONAMES:3425505	Greenland					Jensen & Christensen (Eds) 2003. The Biodiversity of Greenland - A Country Study. Technical Report 55.  Pinngortitaleriffik, Grønlands Naturinstitut. 165 pp	
EOL:567	Cicadellidae	RO:0002470	eats	EOL:8223	Poaceae	GEONAMES:3425505	Greenland					Jensen & Christensen (Eds) 2003. The Biodiversity of Greenland - A Country Study. Technical Report 55.  Pinngortitaleriffik, Grønlands Naturinstitut. 165 pp	
EOL:567	Cicadellidae	RO:0002470	eats	EOL:32667	Salix	GEONAMES:3425505	Greenland					Jensen & Christensen (Eds) 2003. The Biodiversity of Greenland - A Country Study. Technical Report 55.  Pinngortitaleriffik, Grønlands Naturinstitut. 165 pp	
EOL:847095	Clupea harengus	RO:0002470	eats	EOL:4930431	pteropod	GEONAMES:3425505	Greenland					Jensen & Christensen (Eds) 2003. The Biodiversity of Greenland - A Country Study. Technical Report 55.  Pinngortitaleriffik, Grønlands Naturinstitut. 165 pp	
EOL:1745	Cnidaria	RO:0002470	eats	ENVO:01000063	plankton	GEONAMES:3425505	Greenland					Jensen & Christensen (Eds) 2003. The Biodiversity of Greenland - A Country Study. Technical Report 55.  Pinngortitaleriffik, Grønlands Naturinstitut. 165 pp	
EOL:2646078	Coccoidea	RO:0002470	eats	EOL:8211	Cyperaceae	GEONAMES:3425505	Greenland					Jensen & Christensen (Eds) 2003. The Biodiversity of Greenland - A Country Study. Technical Report 55.  Pinngortitaleriffik, Grønlands Naturinstitut. 165 pp	
EOL:2646078	Coccoidea	RO:0002470	eats	EOL:8223	Poaceae	GEONAMES:3425505	Greenland					Jensen & Christensen (Eds) 2003. The Biodiversity of Greenland - A Country Study. Technical Report 55.  Pinngortitaleriffik, Grønlands Naturinstitut. 165 pp	
EOL:2646078	Coccoidea	RO:0002470	eats	EOL:32667	Salix	GEONAMES:3425505	Greenland					Jensen & Christensen (Eds) 2003. The Biodiversity of Greenland - A Country Study. Technical Report 55.  Pinngortitaleriffik, Grønlands Naturinstitut. 165 pp	
EOL:2625033	copepod	RO:0002470	eats		ice algae	GEONAMES:3425505	Greenland					Jensen & Christensen (Eds) 2003. The Biodiversity of Greenland - A Country Study. Technical Report 55.  Pinngortitaleriffik, Grønlands Naturinstitut. 165 pp	
EOL:2625033	copepod	RO:0002470	eats	ENVO:01000063	plankton	GEONAMES:3425505	Greenland					Jensen & Christensen (Eds) 2003. The Biodiversity of Greenland - A Country Study. Technical Report 55.  Pinngortitaleriffik, Grønlands Naturinstitut. 165 pp	
EOL:1177364	Corvus corax	RO:0002470	eats	EOL:1049773	Alle alle	GEONAMES:3425505	Greenland					Jensen & Christensen (Eds) 2003. The Biodiversity of Greenland - A Country Study. Technical Report 55.  Pinngortitaleriffik, Grønlands Naturinstitut. 165 pp	
EOL:1177364	Corvus corax	RO:0002470	eats	EOL:336009	Balanus balanoides	GEONAMES:3425505	Greenland					Jensen & Christensen (Eds) 2003. The Biodiversity of Greenland - A Country Study. Technical Report 55.  Pinngortitaleriffik, Grønlands Naturinstitut. 165 pp	
EOL:1177364	Corvus corax	RO:0002470	eats	EOL:328422	Dicrostonyx torquatus	GEONAMES:3425505	Greenland					Jensen & Christensen (Eds) 2003. The Biodiversity of Greenland - A Country Study. Technical Report 55.  Pinngortitaleriffik, Grønlands Naturinstitut. 165 pp	
EOL:1177364	Corvus corax	RO:0002470	eats	EOL:8001	Laridae	GEONAMES:3425505	Greenland					Jensen & Christensen (Eds) 2003. The Biodiversity of Greenland - A Country Study. Technical Report 55.  Pinngortitaleriffik, Grønlands Naturinstitut. 165 pp	
EOL:1177364	Corvus corax	RO:0002470	eats	EOL:1049625	Pagophila eburnea	GEONAMES:3425505	Greenland					Jensen & Christensen (Eds) 2003. The Biodiversity of Greenland - A Country Study. Technical Report 55.  Pinngortitaleriffik, Grønlands Naturinstitut. 165 pp	
EOL:1177364	Corvus corax	RO:0002470	eats	EOL:20224	Uria	GEONAMES:3425505	Greenland					Jensen & Christensen (Eds) 2003. The Biodiversity of Greenland - A Country Study. Technical Report 55.  Pinngortitaleriffik, Grønlands Naturinstitut. 165 pp	
EOL:5146	Cottidae	RO:0002470	eats	EOL:205084	Mallotus villosus	GEONAMES:3425505	Greenland					Jensen & Christensen (Eds) 2003. The Biodiversity of Greenland - A Country Study. Technical Report 55.  Pinngortitaleriffik, Grønlands Naturinstitut. 165 pp	
EOL:5146	Cottidae	RO:0002470	eats	EOL:212353	Pholis gunellus	GEONAMES:3425505	Greenland					Jensen & Christensen (Eds) 2003. The Biodiversity of Greenland - A Country Study. Technical Report 55.  Pinngortitaleriffik, Grønlands Naturinstitut. 165 pp	
EOL:473	Culicidae	RO:0002445	parasitizes	EOL:328653	Rangifer tarandus	GEONAMES:3425505	Greenland					Jensen & Christensen (Eds) 2003. The Biodiversity of Greenland - A Country Study. Technical Report 55.  Pinngortitaleriffik, Grønlands Naturinstitut. 165 pp	
EOL:1011820	Cyclopterus lumpus	RO:0002470	eats	EOL:69	Ctenophora	GEONAMES:3425505	Greenland					Jensen & Christensen (Eds) 2003. The Biodiversity of Greenland - A Country Study. Technical Report 55.  Pinngortitaleriffik, Grønlands Naturinstitut. 165 pp	
EOL:328541	Delphinapterus leucas	RO:0002470	eats	EOL:28124	Anarhichas	GEONAMES:3425505	Greenland					Jensen & Christensen (Eds) 2003. The Biodiversity of Greenland - A Country Study. Technical Report 55.  Pinngortitaleriffik, Grønlands Naturinstitut. 165 pp	
EOL:328541	Delphinapterus leucas	RO:0002470	eats	EOL:203867	Boreogadus saida	GEONAMES:3425505	Greenland					Jensen & Christensen (Eds) 2003. The Biodiversity of Greenland - A Country Study. Technical Report 55.  Pinngortitaleriffik, Grønlands Naturinstitut. 165 pp	
EOL:328541	Delphinapterus leucas	RO:0002470	eats	EOL:206695	Gadus ogac	GEONAMES:3425505	Greenland					Jensen & Christensen (Eds) 2003. The Biodiversity of Greenland - A Country Study. Technical Report 55.  Pinngortitaleriffik, Grønlands Naturinstitut. 165 pp	
EOL:328541	Delphinapterus leucas	RO:0002470	eats	EOL:223542	Reinhardtius hippoglossoides	GEONAMES:3425505	Greenland					Jensen & Christensen (Eds) 2003. The Biodiversity of Greenland - A Country Study. Technical Report 55.  Pinngortitaleriffik, Grønlands Naturinstitut. 165 pp	
EOL:328541	Delphinapterus leucas	RO:0002470	eats	EOL:994490	Sebastes marinus	GEONAMES:3425505	Greenland					Jensen & Christensen (Eds) 2003. The Biodiversity of Greenland - A Country Study. Technical Report 55.  Pinngortitaleriffik, Grønlands Naturinstitut. 165 pp	
EOL:328422	Dicrostonyx torquatus	RO:0002470	eats	EOL:8223	Poaceae	GEONAMES:3425505	Greenland					Jensen & Christensen (Eds) 2003. The Biodiversity of Greenland - A Country Study. Technical Report 55.  Pinngortitaleriffik, Grønlands Naturinstitut. 165 pp	
EOL:328422	Dicrostonyx torquatus	RO:0002470	eats	EOL:32667	Salix	GEONAMES:3425505	Greenland					Jensen & Christensen (Eds) 2003. The Biodiversity of Greenland - A Country Study. Technical Report 55.  Pinngortitaleriffik, Grønlands Naturinstitut. 165 pp	
EOL:629466	Dryas integrifolia		cooccurs	EOL:5664	basidiomycete	GEONAMES:3425505	Greenland					Jensen & Christensen (Eds) 2003. The Biodiversity of Greenland - A Country Study. Technical Report 55.  Pinngortitaleriffik, Grønlands Naturinstitut. 165 pp	
EOL:629466	Dryas integrifolia		cooccurs	EOL:586656	Rhododendron lapponicum	GEONAMES:3425505	Greenland					Jensen & Christensen (Eds) 2003. The Biodiversity of Greenland - A Country Study. Technical Report 55.  Pinngortitaleriffik, Grønlands Naturinstitut. 165 pp	
EOL:1926	Echinodermata	RO:0002470	eats	EOL:1745	Cnidaria	GEONAMES:3425505	Greenland					Jensen & Christensen (Eds) 2003. The Biodiversity of Greenland - A Country Study. Technical Report 55.  Pinngortitaleriffik, Grønlands Naturinstitut. 165 pp	
EOL:1926	Echinodermata	RO:0002470	eats	EOL:3893	green algae	GEONAMES:3425505	Greenland					Jensen & Christensen (Eds) 2003. The Biodiversity of Greenland - A Country Study. Technical Report 55.  Pinngortitaleriffik, Grønlands Naturinstitut. 165 pp	
EOL:5795505	Elymus trachycaulus ssp. virescens		cooccurs	EOL:44475	Betula	GEONAMES:3425505	Greenland					Jensen & Christensen (Eds) 2003. The Biodiversity of Greenland - A Country Study. Technical Report 55.  Pinngortitaleriffik, Grønlands Naturinstitut. 165 pp	
EOL:5795505	Elymus trachycaulus ssp. virescens		cooccurs	EOL:32667	Salix	GEONAMES:3425505	Greenland					Jensen & Christensen (Eds) 2003. The Biodiversity of Greenland - A Country Study. Technical Report 55.  Pinngortitaleriffik, Grønlands Naturinstitut. 165 pp	
EOL:328631	Erignathus barbatus	RO:0002470	eats	EOL:2215	bivalve	GEONAMES:3425505	Greenland						http://eol.org/data_objects/31046886
EOL:328631	Erignathus barbatus	RO:0002470	eats	EOL:1278	Euphausiacea	GEONAMES:3425505	Greenland						http://eol.org/data_objects/31046886
EOL:328631	Erignathus barbatus	RO:0002470	eats	EOL:318602	Pandalus borealis	GEONAMES:3425505	Greenland						http://eol.org/data_objects/31046886
EOL:328631	Erignathus barbatus	RO:0002470	eats	EOL:847095	Clupea harengus	GEONAMES:3425505	Greenland					Jensen & Christensen (Eds) 2003. The Biodiversity of Greenland - A Country Study. Technical Report 55.  Pinngortitaleriffik, Grønlands Naturinstitut. 165 pp	
EOL:328631	Erignathus barbatus	RO:0002470	eats	EOL:1926	Echinodermata	GEONAMES:3425505	Greenland					Jensen & Christensen (Eds) 2003. The Biodiversity of Greenland - A Country Study. Technical Report 55.  Pinngortitaleriffik, Grønlands Naturinstitut. 165 pp	
EOL:328631	Erignathus barbatus	RO:0002470	eats	EOL:211041	Hippoglossoides platessoides	GEONAMES:3425505	Greenland					Jensen & Christensen (Eds) 2003. The Biodiversity of Greenland - A Country Study. Technical Report 55.  Pinngortitaleriffik, Grønlands Naturinstitut. 165 pp	
EOL:328631	Erignathus barbatus	RO:0002470	eats	EOL:2012	Holothurioidea	GEONAMES:3425505	Greenland					Jensen & Christensen (Eds) 2003. The Biodiversity of Greenland - A Country Study. Technical Report 55.  Pinngortitaleriffik, Grønlands Naturinstitut. 165 pp	
EOL:328631	Erignathus barbatus	RO:0002470	eats	EOL:619397	Littorina obtusata	GEONAMES:3425505	Greenland					Jensen & Christensen (Eds) 2003. The Biodiversity of Greenland - A Country Study. Technical Report 55.  Pinngortitaleriffik, Grønlands Naturinstitut. 165 pp	
EOL:328631	Erignathus barbatus	RO:0002470	eats	EOL:619494	Margarita helicina	GEONAMES:3425505	Greenland					Jensen & Christensen (Eds) 2003. The Biodiversity of Greenland - A Country Study. Technical Report 55.  Pinngortitaleriffik, Grønlands Naturinstitut. 165 pp	
EOL:328631	Erignathus barbatus	RO:0002470	eats	EOL:502990	Nucella lapillus	GEONAMES:3425505	Greenland					Jensen & Christensen (Eds) 2003. The Biodiversity of Greenland - A Country Study. Technical Report 55.  Pinngortitaleriffik, Grønlands Naturinstitut. 165 pp	
EOL:328631	Erignathus barbatus	RO:0002470	eats	EOL:206776	Salmo salar	GEONAMES:3425505	Greenland					Jensen & Christensen (Eds) 2003. The Biodiversity of Greenland - A Country Study. Technical Report 55.  Pinngortitaleriffik, Grønlands Naturinstitut. 165 pp	
EOL:328631	Erignathus barbatus	RO:0002470	eats	EOL:2773824	Tunicata	GEONAMES:3425505	Greenland					Jensen & Christensen (Eds) 2003. The Biodiversity of Greenland - A Country Study. Technical Report 55.  Pinngortitaleriffik, Grønlands Naturinstitut. 165 pp	
EOL:1278	Euphausiacea	RO:0002470	eats	EOL:2625033	copepod	GEONAMES:3425505	Greenland					Jensen & Christensen (Eds) 2003. The Biodiversity of Greenland - A Country Study. Technical Report 55.  Pinngortitaleriffik, Grønlands Naturinstitut. 165 pp	
EOL:1278	Euphausiacea	RO:0002470	eats		ice algae	GEONAMES:3425505	Greenland					Jensen & Christensen (Eds) 2003. The Biodiversity of Greenland - A Country Study. Technical Report 55.  Pinngortitaleriffik, Grønlands Naturinstitut. 165 pp	
EOL:1278	Euphausiacea	RO:0002470	eats	ENVO:01000063	plankton	GEONAMES:3425505	Greenland					Jensen & Christensen (Eds) 2003. The Biodiversity of Greenland - A Country Study. Technical Report 55.  Pinngortitaleriffik, Grønlands Naturinstitut. 165 pp	
EOL:658293	Eurois occulta	RO:0002470	eats	EOL:44475	Betula	GEONAMES:3425505	Greenland					Jensen & Christensen (Eds) 2003. The Biodiversity of Greenland - A Country Study. Technical Report 55.  Pinngortitaleriffik, Grønlands Naturinstitut. 165 pp	
EOL:658293	Eurois occulta	RO:0002470	eats	EOL:8223	Poaceae	GEONAMES:3425505	Greenland					Jensen & Christensen (Eds) 2003. The Biodiversity of Greenland - A Country Study. Technical Report 55.  Pinngortitaleriffik, Grønlands Naturinstitut. 165 pp	
EOL:658293	Eurois occulta	RO:0002470	eats	EOL:32667	Salix	GEONAMES:3425505	Greenland					Jensen & Christensen (Eds) 2003. The Biodiversity of Greenland - A Country Study. Technical Report 55.  Pinngortitaleriffik, Grønlands Naturinstitut. 165 pp	
EOL:1049938	Fratercula arctica	RO:0002470	eats	EOL:24549	Ammodytes	GEONAMES:3425505	Greenland						http://eol.org/data_objects/31059230
EOL:1049938	Fratercula arctica	RO:0002470	eats	EOL:847095	Clupea harengus	GEONAMES:3425505	Greenland						http://eol.org/data_objects/31059230
EOL:1049938	Fratercula arctica	RO:0002470	eats	EOL:205084	Mallotus villosus	GEONAMES:3425505	Greenland						http://eol.org/data_objects/31059230
EOL:1049938	Fratercula arctica	RO:0002470	eats	EOL:2604866	crab	GEONAMES:3425505	Greenland					Jensen & Christensen (Eds) 2003. The Biodiversity of Greenland - A Country Study. Technical Report 55.  Pinngortitaleriffik, Grønlands Naturinstitut. 165 pp	
EOL:1049938	Fratercula arctica	RO:0002470	eats	EOL:1278	Euphausiacea	GEONAMES:3425505	Greenland					Jensen & Christensen (Eds) 2003. The Biodiversity of Greenland - A Country Study. Technical Report 55.  Pinngortitaleriffik, Grønlands Naturinstitut. 165 pp	
EOL:893114	Fucus vesiculous		habitatFor	EOL:2501	Littorinidae	GEONAMES:3425505	Greenland					Jensen & Christensen (Eds) 2003. The Biodiversity of Greenland - A Country Study. Technical Report 55.  Pinngortitaleriffik, Grønlands Naturinstitut. 165 pp	
EOL:206692	Gadus morhua	RO:0002470	eats	EOL:24549	Ammodytes	GEONAMES:3425505	Greenland					Jensen & Christensen (Eds) 2003. The Biodiversity of Greenland - A Country Study. Technical Report 55.  Pinngortitaleriffik, Grønlands Naturinstitut. 165 pp	
EOL:206692	Gadus morhua	RO:0002470	eats	EOL:2604866	crab	GEONAMES:3425505	Greenland					Jensen & Christensen (Eds) 2003. The Biodiversity of Greenland - A Country Study. Technical Report 55.  Pinngortitaleriffik, Grønlands Naturinstitut. 165 pp	
EOL:206692	Gadus morhua	RO:0002470	eats	EOL:69	Ctenophora	GEONAMES:3425505	Greenland					Jensen & Christensen (Eds) 2003. The Biodiversity of Greenland - A Country Study. Technical Report 55.  Pinngortitaleriffik, Grønlands Naturinstitut. 165 pp	
EOL:206692	Gadus morhua	RO:0002470	eats	EOL:1278	Euphausiacea	GEONAMES:3425505	Greenland					Jensen & Christensen (Eds) 2003. The Biodiversity of Greenland - A Country Study. Technical Report 55.  Pinngortitaleriffik, Grønlands Naturinstitut. 165 pp	
EOL:206692	Gadus morhua	RO:0002470	eats	EOL:205084	Mallotus villosus	GEONAMES:3425505	Greenland					Jensen & Christensen (Eds) 2003. The Biodiversity of Greenland - A Country Study. Technical Report 55.  Pinngortitaleriffik, Grønlands Naturinstitut. 165 pp	
EOL:206692	Gadus morhua	RO:0002470	eats	EOL:318602	Pandalus borealis	GEONAMES:3425505	Greenland					Jensen & Christensen (Eds) 2003. The Biodiversity of Greenland - A Country Study. Technical Report 55.  Pinngortitaleriffik, Grønlands Naturinstitut. 165 pp	
EOL:206692	Gadus morhua	RO:0002470	eats	EOL:212353	Pholis gunellus	GEONAMES:3425505	Greenland					Jensen & Christensen (Eds) 2003. The Biodiversity of Greenland - A Country Study. Technical Report 55.  Pinngortitaleriffik, Grønlands Naturinstitut. 165 pp	
EOL:206695	Gadus ogac	RO:0002470	eats	EOL:1158	amphipod	GEONAMES:3425505	Greenland					Jensen & Christensen (Eds) 2003. The Biodiversity of Greenland - A Country Study. Technical Report 55.  Pinngortitaleriffik, Grønlands Naturinstitut. 165 pp	
EOL:206695	Gadus ogac	RO:0002470	eats	EOL:2604866	crab	GEONAMES:3425505	Greenland					Jensen & Christensen (Eds) 2003. The Biodiversity of Greenland - A Country Study. Technical Report 55.  Pinngortitaleriffik, Grønlands Naturinstitut. 165 pp	
EOL:206695	Gadus ogac	RO:0002470	eats	EOL:1278	Euphausiacea	GEONAMES:3425505	Greenland					Jensen & Christensen (Eds) 2003. The Biodiversity of Greenland - A Country Study. Technical Report 55.  Pinngortitaleriffik, Grønlands Naturinstitut. 165 pp	
EOL:206695	Gadus ogac	RO:0002470	eats	EOL:205084	Mallotus villosus	GEONAMES:3425505	Greenland					Jensen & Christensen (Eds) 2003. The Biodiversity of Greenland - A Country Study. Technical Report 55.  Pinngortitaleriffik, Grønlands Naturinstitut. 165 pp	
EOL:206695	Gadus ogac	RO:0002470	eats	EOL:318602	Pandalus borealis	GEONAMES:3425505	Greenland					Jensen & Christensen (Eds) 2003. The Biodiversity of Greenland - A Country Study. Technical Report 55.  Pinngortitaleriffik, Grønlands Naturinstitut. 165 pp	
EOL:206695	Gadus ogac	RO:0002470	eats	EOL:212353	Pholis gunellus	GEONAMES:3425505	Greenland					Jensen & Christensen (Eds) 2003. The Biodiversity of Greenland - A Country Study. Technical Report 55.  Pinngortitaleriffik, Grønlands Naturinstitut. 165 pp	
EOL:311790	Globicephala maelaena	RO:0002470	eats	EOL:2312	cephalopod	GEONAMES:3425505	Greenland					Jensen & Christensen (Eds) 2003. The Biodiversity of Greenland - A Country Study. Technical Report 55.  Pinngortitaleriffik, Grønlands Naturinstitut. 165 pp	
EOL:1049156	gyrfalcon	RO:0002470	eats	EOL:328422	Dicrostonyx torquatus	GEONAMES:3425505	Greenland					Jensen & Christensen (Eds) 2003. The Biodiversity of Greenland - A Country Study. Technical Report 55.  Pinngortitaleriffik, Grønlands Naturinstitut. 165 pp	
EOL:586669	Harrimanella hypnoides		cooccurs	EOL:626958	Sibbaldia procumbens	GEONAMES:3425505	Greenland					Jensen & Christensen (Eds) 2003. The Biodiversity of Greenland - A Country Study. Technical Report 55.  Pinngortitaleriffik, Grønlands Naturinstitut. 165 pp	
EOL:945	Hemerobiidae	RO:0002470	eats	EOL:551	Aphidoidea	GEONAMES:3425505	Greenland					Jensen & Christensen (Eds) 2003. The Biodiversity of Greenland - A Country Study. Technical Report 55.  Pinngortitaleriffik, Grønlands Naturinstitut. 165 pp	
EOL:486359	Hieracium lividorubens		cooccurs	EOL:44475	Betula	GEONAMES:3425505	Greenland					Jensen & Christensen (Eds) 2003. The Biodiversity of Greenland - A Country Study. Technical Report 55.  Pinngortitaleriffik, Grønlands Naturinstitut. 165 pp	
EOL:211041	Hippoglossoides platessoides	RO:0002470	eats	EOL:1926	Echinodermata	GEONAMES:3425505	Greenland					Jensen & Christensen (Eds) 2003. The Biodiversity of Greenland - A Country Study. Technical Report 55.  Pinngortitaleriffik, Grønlands Naturinstitut. 165 pp	
EOL:2565059	Hirudinea	RO:0002445	parasitizes	EOL:24549	Ammodytes	GEONAMES:3425505	Greenland					Jensen & Christensen (Eds) 2003. The Biodiversity of Greenland - A Country Study. Technical Report 55.  Pinngortitaleriffik, Grønlands Naturinstitut. 165 pp	
EOL:2565059	Hirudinea	RO:0002445	parasitizes	EOL:222376	Anarchichas lupus	GEONAMES:3425505	Greenland					Jensen & Christensen (Eds) 2003. The Biodiversity of Greenland - A Country Study. Technical Report 55.  Pinngortitaleriffik, Grønlands Naturinstitut. 165 pp	
EOL:2565059	Hirudinea	RO:0002445	parasitizes	EOL:206692	Gadus morhua	GEONAMES:3425505	Greenland					Jensen & Christensen (Eds) 2003. The Biodiversity of Greenland - A Country Study. Technical Report 55.  Pinngortitaleriffik, Grønlands Naturinstitut. 165 pp	
EOL:2565059	Hirudinea	RO:0002445	parasitizes	EOL:206695	Gadus ogac	GEONAMES:3425505	Greenland					Jensen & Christensen (Eds) 2003. The Biodiversity of Greenland - A Country Study. Technical Report 55.  Pinngortitaleriffik, Grønlands Naturinstitut. 165 pp	
EOL:2565059	Hirudinea	RO:0002445	parasitizes	EOL:211041	Hippoglossoides platessoides	GEONAMES:3425505	Greenland					Jensen & Christensen (Eds) 2003. The Biodiversity of Greenland - A Country Study. Technical Report 55.  Pinngortitaleriffik, Grønlands Naturinstitut. 165 pp	
EOL:2565059	Hirudinea	RO:0002445	parasitizes	EOL:224625	Liparis tunicata	GEONAMES:3425505	Greenland					Jensen & Christensen (Eds) 2003. The Biodiversity of Greenland - A Country Study. Technical Report 55.  Pinngortitaleriffik, Grønlands Naturinstitut. 165 pp	
EOL:2565059	Hirudinea	RO:0002445	parasitizes	EOL:205084	Mallotus villosus	GEONAMES:3425505	Greenland					Jensen & Christensen (Eds) 2003. The Biodiversity of Greenland - A Country Study. Technical Report 55.  Pinngortitaleriffik, Grønlands Naturinstitut. 165 pp	
EOL:2565059	Hirudinea	RO:0002445	parasitizes	EOL:212353	Pholis gunellus	GEONAMES:3425505	Greenland					Jensen & Christensen (Eds) 2003. The Biodiversity of Greenland - A Country Study. Technical Report 55.  Pinngortitaleriffik, Grønlands Naturinstitut. 165 pp	
EOL:2565059	Hirudinea	RO:0002445	parasitizes	EOL:24884	Raja	GEONAMES:3425505	Greenland					Jensen & Christensen (Eds) 2003. The Biodiversity of Greenland - A Country Study. Technical Report 55.  Pinngortitaleriffik, Grønlands Naturinstitut. 165 pp	
EOL:2565059	Hirudinea	RO:0002445	parasitizes	EOL:1156463	Salvelinus alpinus	GEONAMES:3425505	Greenland					Jensen & Christensen (Eds) 2003. The Biodiversity of Greenland - A Country Study. Technical Report 55.  Pinngortitaleriffik, Grønlands Naturinstitut. 165 pp	
EOL:2565059	Hirudinea	RO:0002445	parasitizes	EOL:994490	Sebastes marinus	GEONAMES:3425505	Greenland					Jensen & Christensen (Eds) 2003. The Biodiversity of Greenland - A Country Study. Technical Report 55.  Pinngortitaleriffik, Grønlands Naturinstitut. 165 pp	
EOL:328556	Hyperoodon ampullatus	RO:0002470	eats	EOL:2312	cephalopod	GEONAMES:3425505	Greenland					Jensen & Christensen (Eds) 2003. The Biodiversity of Greenland - A Country Study. Technical Report 55.  Pinngortitaleriffik, Grønlands Naturinstitut. 165 pp	
EOL:703	Ichneumonidae	RO:0002445	parasitizes	EOL:747	Lepidoptera	GEONAMES:3425505	Greenland					Jensen & Christensen (Eds) 2003. The Biodiversity of Greenland - A Country Study. Technical Report 55.  Pinngortitaleriffik, Grønlands Naturinstitut. 165 pp	
EOL:703	Ichneumonidae	RO:0002455	pollinates	EOL:583341	Saxifraga tricuspidata	GEONAMES:3425505	Greenland				http://dx.doi.org/10.1657/1523-0430(2005)037[0514:TDAHCW]2.0.CO;2	Lundgren and Olesen 2005. The Dense and Highly Connected World of Greenland's Plants and Their Pollinators. Arctic, Antarctic, and Alpine Research 37(4):514-520	
EOL:193787	Lachnellula willkommii	RO:0002445	parasitizes	EOL:34193	Larix	GEONAMES:3425505	Greenland					Jensen & Christensen (Eds) 2003. The Biodiversity of Greenland - A Country Study. Technical Report 55.  Pinngortitaleriffik, Grønlands Naturinstitut. 165 pp	
EOL:900211	Lagopus mutus	RO:0002470	eats	EOL:585386	Polygonum viviparum	GEONAMES:3425505	Greenland					Jensen & Christensen (Eds) 2003. The Biodiversity of Greenland - A Country Study. Technical Report 55.  Pinngortitaleriffik, Grønlands Naturinstitut. 165 pp	
EOL:900211	Lagopus mutus	RO:0002470	eats	EOL:32667	Salix	GEONAMES:3425505	Greenland					Jensen & Christensen (Eds) 2003. The Biodiversity of Greenland - A Country Study. Technical Report 55.  Pinngortitaleriffik, Grønlands Naturinstitut. 165 pp	
EOL:900211	Lagopus mutus	RO:0002470	eats	EOL:583337	Saxifraga oppositifolia	GEONAMES:3425505	Greenland					Jensen & Christensen (Eds) 2003. The Biodiversity of Greenland - A Country Study. Technical Report 55.  Pinngortitaleriffik, Grønlands Naturinstitut. 165 pp	
EOL:966608	Laminaria longicroris		habitatFor	EOL:2604866	crab	GEONAMES:3425505	Greenland					Jensen & Christensen (Eds) 2003. The Biodiversity of Greenland - A Country Study. Technical Report 55.  Pinngortitaleriffik, Grønlands Naturinstitut. 165 pp	
EOL:966608	Laminaria longicroris		habitatFor	EOL:1011820	Cyclopterus lumpus	GEONAMES:3425505	Greenland					Jensen & Christensen (Eds) 2003. The Biodiversity of Greenland - A Country Study. Technical Report 55.  Pinngortitaleriffik, Grønlands Naturinstitut. 165 pp	
EOL:966608	Laminaria longicroris		habitatFor	EOL:1926	Echinodermata	GEONAMES:3425505	Greenland					Jensen & Christensen (Eds) 2003. The Biodiversity of Greenland - A Country Study. Technical Report 55.  Pinngortitaleriffik, Grønlands Naturinstitut. 165 pp	
EOL:966608	Laminaria longicroris		habitatFor	EOL:224625	Liparis tunicata	GEONAMES:3425505	Greenland					Jensen & Christensen (Eds) 2003. The Biodiversity of Greenland - A Country Study. Technical Report 55.  Pinngortitaleriffik, Grønlands Naturinstitut. 165 pp	
EOL:966608	Laminaria longicroris		habitatFor	EOL:619397	Littorina obtusata	GEONAMES:3425505	Greenland					Jensen & Christensen (Eds) 2003. The Biodiversity of Greenland - A Country Study. Technical Report 55.  Pinngortitaleriffik, Grønlands Naturinstitut. 165 pp	
EOL:966608	Laminaria longicroris		habitatFor	EOL:205084	Mallotus villosus	GEONAMES:3425505	Greenland					Jensen & Christensen (Eds) 2003. The Biodiversity of Greenland - A Country Study. Technical Report 55.  Pinngortitaleriffik, Grønlands Naturinstitut. 165 pp	
EOL:966608	Laminaria longicroris		habitatFor	EOL:619494	Margarita helicina	GEONAMES:3425505	Greenland					Jensen & Christensen (Eds) 2003. The Biodiversity of Greenland - A Country Study. Technical Report 55.  Pinngortitaleriffik, Grønlands Naturinstitut. 165 pp	
EOL:966608	Laminaria longicroris		habitatFor	EOL:502990	Nucella lapillus	GEONAMES:3425505	Greenland					Jensen & Christensen (Eds) 2003. The Biodiversity of Greenland - A Country Study. Technical Report 55.  Pinngortitaleriffik, Grønlands Naturinstitut. 165 pp	
EOL:966608	Laminaria longicroris		habitatFor	EOL:212353	Pholis gunellus	GEONAMES:3425505	Greenland					Jensen & Christensen (Eds) 2003. The Biodiversity of Greenland - A Country Study. Technical Report 55.  Pinngortitaleriffik, Grønlands Naturinstitut. 165 pp	
EOL:8001	Laridae		kleptoparasitize	EOL:1049938	Fratercula arctica	GEONAMES:3425505	Greenland						http://eol.org/data_objects/31059230
EOL:8001	Laridae	RO:0002470	eats	EOL:1049773	Alle alle	GEONAMES:3425505	Greenland					Jensen & Christensen (Eds) 2003. The Biodiversity of Greenland - A Country Study. Technical Report 55.  Pinngortitaleriffik, Grønlands Naturinstitut. 165 pp	
EOL:8001	Laridae	RO:0002470	eats	EOL:336009	Balanus balanoides	GEONAMES:3425505	Greenland					Jensen & Christensen (Eds) 2003. The Biodiversity of Greenland - A Country Study. Technical Report 55.  Pinngortitaleriffik, Grønlands Naturinstitut. 165 pp	
EOL:8001	Laridae	RO:0002470	eats	EOL:2604866	crab	GEONAMES:3425505	Greenland					Jensen & Christensen (Eds) 2003. The Biodiversity of Greenland - A Country Study. Technical Report 55.  Pinngortitaleriffik, Grønlands Naturinstitut. 165 pp	
EOL:8001	Laridae	RO:0002470	eats	EOL:2604866	crab	GEONAMES:3425505	Greenland					Jensen & Christensen (Eds) 2003. The Biodiversity of Greenland - A Country Study. Technical Report 55.  Pinngortitaleriffik, Grønlands Naturinstitut. 165 pp	
EOL:8001	Laridae	RO:0002470	eats	EOL:328422	Dicrostonyx torquatus	GEONAMES:3425505	Greenland					Jensen & Christensen (Eds) 2003. The Biodiversity of Greenland - A Country Study. Technical Report 55.  Pinngortitaleriffik, Grønlands Naturinstitut. 165 pp	
EOL:8001	Laridae	RO:0002470	eats	EOL:1278	Euphausiacea	GEONAMES:3425505	Greenland					Jensen & Christensen (Eds) 2003. The Biodiversity of Greenland - A Country Study. Technical Report 55.  Pinngortitaleriffik, Grønlands Naturinstitut. 165 pp	
EOL:8001	Laridae	RO:0002470	eats	EOL:1049938	Fratercula arctica	GEONAMES:3425505	Greenland					Jensen & Christensen (Eds) 2003. The Biodiversity of Greenland - A Country Study. Technical Report 55.  Pinngortitaleriffik, Grønlands Naturinstitut. 165 pp	
EOL:8001	Laridae	RO:0002470	eats	EOL:205084	Mallotus villosus	GEONAMES:3425505	Greenland					Jensen & Christensen (Eds) 2003. The Biodiversity of Greenland - A Country Study. Technical Report 55.  Pinngortitaleriffik, Grønlands Naturinstitut. 165 pp	
EOL:8001	Laridae	RO:0002470	eats	EOL:212353	Pholis gunellus	GEONAMES:3425505	Greenland					Jensen & Christensen (Eds) 2003. The Biodiversity of Greenland - A Country Study. Technical Report 55.  Pinngortitaleriffik, Grønlands Naturinstitut. 165 pp	
EOL:8001	Laridae	RO:0002470	eats	EOL:20224	Uria	GEONAMES:3425505	Greenland					Jensen & Christensen (Eds) 2003. The Biodiversity of Greenland - A Country Study. Technical Report 55.  Pinngortitaleriffik, Grønlands Naturinstitut. 165 pp	
EOL:988114	Lepus arcticus	RO:0002470	eats	EOL:1114261	Calamagrostis langsdorfii	GEONAMES:3425505	Greenland					Jensen & Christensen (Eds) 2003. The Biodiversity of Greenland - A Country Study. Technical Report 55.  Pinngortitaleriffik, Grønlands Naturinstitut. 165 pp	
EOL:988114	Lepus arcticus	RO:0002470	eats	EOL:583644	Cassiope tetragona	GEONAMES:3425505	Greenland					Jensen & Christensen (Eds) 2003. The Biodiversity of Greenland - A Country Study. Technical Report 55.  Pinngortitaleriffik, Grønlands Naturinstitut. 165 pp	
EOL:988114	Lepus arcticus	RO:0002470	eats	EOL:8211	Cyperaceae	GEONAMES:3425505	Greenland					Jensen & Christensen (Eds) 2003. The Biodiversity of Greenland - A Country Study. Technical Report 55.  Pinngortitaleriffik, Grønlands Naturinstitut. 165 pp	
EOL:988114	Lepus arcticus	RO:0002470	eats	EOL:629466	Dryas integrifolia	GEONAMES:3425505	Greenland					Jensen & Christensen (Eds) 2003. The Biodiversity of Greenland - A Country Study. Technical Report 55.  Pinngortitaleriffik, Grønlands Naturinstitut. 165 pp	
EOL:988114	Lepus arcticus	RO:0002470	eats	EOL:4178	Juncaginaceae	GEONAMES:3425505	Greenland					Jensen & Christensen (Eds) 2003. The Biodiversity of Greenland - A Country Study. Technical Report 55.  Pinngortitaleriffik, Grønlands Naturinstitut. 165 pp	
EOL:988114	Lepus arcticus	RO:0002470	eats	EOL:583648	Ledum palustre	GEONAMES:3425505	Greenland					Jensen & Christensen (Eds) 2003. The Biodiversity of Greenland - A Country Study. Technical Report 55.  Pinngortitaleriffik, Grønlands Naturinstitut. 165 pp	
EOL:988114	Lepus arcticus	RO:0002470	eats	EOL:8223	Poaceae	GEONAMES:3425505	Greenland					Jensen & Christensen (Eds) 2003. The Biodiversity of Greenland - A Country Study. Technical Report 55.  Pinngortitaleriffik, Grønlands Naturinstitut. 165 pp	
EOL:988114	Lepus arcticus	RO:0002470	eats	EOL:585386	Polygonum viviparum	GEONAMES:3425505	Greenland					Jensen & Christensen (Eds) 2003. The Biodiversity of Greenland - A Country Study. Technical Report 55.  Pinngortitaleriffik, Grønlands Naturinstitut. 165 pp	
EOL:988114	Lepus arcticus	RO:0002470	eats	EOL:32667	Salix	GEONAMES:3425505	Greenland					Jensen & Christensen (Eds) 2003. The Biodiversity of Greenland - A Country Study. Technical Report 55.  Pinngortitaleriffik, Grønlands Naturinstitut. 165 pp	
EOL:988114	Lepus arcticus	RO:0002470	eats	EOL:583337	Saxifraga oppositifolia	GEONAMES:3425505	Greenland					Jensen & Christensen (Eds) 2003. The Biodiversity of Greenland - A Country Study. Technical Report 55.  Pinngortitaleriffik, Grønlands Naturinstitut. 165 pp	
EOL:988114	Lepus arcticus	RO:0002470	eats	EOL:626958	Sibbaldia procumbens	GEONAMES:3425505	Greenland					Jensen & Christensen (Eds) 2003. The Biodiversity of Greenland - A Country Study. Technical Report 55.  Pinngortitaleriffik, Grønlands Naturinstitut. 165 pp	
EOL:988114	Lepus arcticus	RO:0002470	eats	EOL:484410	Vaccinium vitis-idaea	GEONAMES:3425505	Greenland					Jensen & Christensen (Eds) 2003. The Biodiversity of Greenland - A Country Study. Technical Report 55.  Pinngortitaleriffik, Grønlands Naturinstitut. 165 pp	
	lichen		growsOn	EOL:44475	Betula	GEONAMES:3425505	Greenland					Jensen & Christensen (Eds) 2003. The Biodiversity of Greenland - A Country Study. Technical Report 55.  Pinngortitaleriffik, Grønlands Naturinstitut. 165 pp	
	lichen		growsOn	EOL:32667	Salix	GEONAMES:3425505	Greenland					Jensen & Christensen (Eds) 2003. The Biodiversity of Greenland - A Country Study. Technical Report 55.  Pinngortitaleriffik, Grønlands Naturinstitut. 165 pp	
EOL:2501	Littorinidae	RO:0002470	eats	EOL:336009	Balanus balanoides	GEONAMES:3425505	Greenland					Jensen & Christensen (Eds) 2003. The Biodiversity of Greenland - A Country Study. Technical Report 55.  Pinngortitaleriffik, Grønlands Naturinstitut. 165 pp	
EOL:2501	Littorinidae	RO:0002470	eats	EOL:3893	green algae	GEONAMES:3425505	Greenland					Jensen & Christensen (Eds) 2003. The Biodiversity of Greenland - A Country Study. Technical Report 55.  Pinngortitaleriffik, Grønlands Naturinstitut. 165 pp	
EOL:599070	Lycopodium annotinum		cooccurs	EOL:38102	Pedicularis	GEONAMES:3425505	Greenland					Jensen & Christensen (Eds) 2003. The Biodiversity of Greenland - A Country Study. Technical Report 55.  Pinngortitaleriffik, Grønlands Naturinstitut. 165 pp	
EOL:205084	Mallotus villosus	RO:0002470	eats	ENVO:01000063	plankton	GEONAMES:3425505	Greenland					Jensen & Christensen (Eds) 2003. The Biodiversity of Greenland - A Country Study. Technical Report 55.  Pinngortitaleriffik, Grønlands Naturinstitut. 165 pp	
EOL:328575	Megaptera novaengliae	RO:0002470	eats	EOL:24549	Ammodytes	GEONAMES:3425505	Greenland					Jensen & Christensen (Eds) 2003. The Biodiversity of Greenland - A Country Study. Technical Report 55.  Pinngortitaleriffik, Grønlands Naturinstitut. 165 pp	
EOL:328575	Megaptera novaengliae	RO:0002470	eats	EOL:203867	Boreogadus saida	GEONAMES:3425505	Greenland					Jensen & Christensen (Eds) 2003. The Biodiversity of Greenland - A Country Study. Technical Report 55.  Pinngortitaleriffik, Grønlands Naturinstitut. 165 pp	
EOL:328575	Megaptera novaengliae	RO:0002470	eats	EOL:847095	Clupea harengus	GEONAMES:3425505	Greenland					Jensen & Christensen (Eds) 2003. The Biodiversity of Greenland - A Country Study. Technical Report 55.  Pinngortitaleriffik, Grønlands Naturinstitut. 165 pp	
EOL:328575	Megaptera novaengliae	RO:0002470	eats	EOL:1278	Euphausiacea	GEONAMES:3425505	Greenland					Jensen & Christensen (Eds) 2003. The Biodiversity of Greenland - A Country Study. Technical Report 55.  Pinngortitaleriffik, Grønlands Naturinstitut. 165 pp	
EOL:328575	Megaptera novaengliae	RO:0002470	eats	EOL:205084	Mallotus villosus	GEONAMES:3425505	Greenland					Jensen & Christensen (Eds) 2003. The Biodiversity of Greenland - A Country Study. Technical Report 55.  Pinngortitaleriffik, Grønlands Naturinstitut. 165 pp	
EOL:328575	Megaptera novaengliae	RO:0002470	eats	EOL:4930431	pteropod	GEONAMES:3425505	Greenland					Jensen & Christensen (Eds) 2003. The Biodiversity of Greenland - A Country Study. Technical Report 55.  Pinngortitaleriffik, Grønlands Naturinstitut. 165 pp	
EOL:328542	Monodon monoceros	RO:0002470	eats	EOL:203867	Boreogadus saida	GEONAMES:3425505	Greenland					Jensen & Christensen (Eds) 2003. The Biodiversity of Greenland - A Country Study. Technical Report 55.  Pinngortitaleriffik, Grønlands Naturinstitut. 165 pp	
EOL:328542	Monodon monoceros	RO:0002470	eats	EOL:2312	cephalopod	GEONAMES:3425505	Greenland					Jensen & Christensen (Eds) 2003. The Biodiversity of Greenland - A Country Study. Technical Report 55.  Pinngortitaleriffik, Grønlands Naturinstitut. 165 pp	
EOL:328542	Monodon monoceros	RO:0002470	eats	EOL:25646	Lycodes	GEONAMES:3425505	Greenland					Jensen & Christensen (Eds) 2003. The Biodiversity of Greenland - A Country Study. Technical Report 55.  Pinngortitaleriffik, Grønlands Naturinstitut. 165 pp	
EOL:328542	Monodon monoceros	RO:0002470	eats	EOL:223542	Reinhardtius hippoglossoides	GEONAMES:3425505	Greenland					Jensen & Christensen (Eds) 2003. The Biodiversity of Greenland - A Country Study. Technical Report 55.  Pinngortitaleriffik, Grønlands Naturinstitut. 165 pp	
EOL:328587	Mustela erminea	RO:0002470	eats	EOL:328422	Dicrostonyx torquatus	GEONAMES:3425505	Greenland					Jensen & Christensen (Eds) 2003. The Biodiversity of Greenland - A Country Study. Technical Report 55.  Pinngortitaleriffik, Grønlands Naturinstitut. 165 pp	
EOL:427	Mycetophilidae	RO:0002470	eats	EOL:5559	fungi	GEONAMES:3425505	Greenland					Jensen & Christensen (Eds) 2003. The Biodiversity of Greenland - A Country Study. Technical Report 55.  Pinngortitaleriffik, Grønlands Naturinstitut. 165 pp	
EOL:2855	Nemertean	RO:0002470	eats	EOL:2598871	Crustacea	GEONAMES:3425505	Greenland					Jensen & Christensen (Eds) 2003. The Biodiversity of Greenland - A Country Study. Technical Report 55.  Pinngortitaleriffik, Grønlands Naturinstitut. 165 pp	
EOL:2855	Nemertean	RO:0002470	eats	EOL:84	polychaete	GEONAMES:3425505	Greenland					Jensen & Christensen (Eds) 2003. The Biodiversity of Greenland - A Country Study. Technical Report 55.  Pinngortitaleriffik, Grønlands Naturinstitut. 165 pp	
EOL:502990	Nucella lapillus	RO:0002470	eats	EOL:336009	Balanus balanoides	GEONAMES:3425505	Greenland					Jensen & Christensen (Eds) 2003. The Biodiversity of Greenland - A Country Study. Technical Report 55.  Pinngortitaleriffik, Grønlands Naturinstitut. 165 pp	
EOL:502990	Nucella lapillus	RO:0002470	eats	EOL:336009	Balanus balanoides	GEONAMES:3425505	Greenland					Jensen & Christensen (Eds) 2003. The Biodiversity of Greenland - A Country Study. Technical Report 55.  Pinngortitaleriffik, Grønlands Naturinstitut. 165 pp	
EOL:502990	Nucella lapillus	RO:0002470	eats	EOL:695	bryozoan	GEONAMES:3425505	Greenland					Jensen & Christensen (Eds) 2003. The Biodiversity of Greenland - A Country Study. Technical Report 55.  Pinngortitaleriffik, Grønlands Naturinstitut. 165 pp	
EOL:502990	Nucella lapillus	RO:0002470	eats	EOL:1745	Cnidaria	GEONAMES:3425505	Greenland					Jensen & Christensen (Eds) 2003. The Biodiversity of Greenland - A Country Study. Technical Report 55.  Pinngortitaleriffik, Grønlands Naturinstitut. 165 pp	
EOL:1036388	Nyctea scandiaca	RO:0002470	eats	EOL:1049773	Alle alle	GEONAMES:3425505	Greenland					Jensen & Christensen (Eds) 2003. The Biodiversity of Greenland - A Country Study. Technical Report 55.  Pinngortitaleriffik, Grønlands Naturinstitut. 165 pp	
EOL:1036388	Nyctea scandiaca	RO:0002470	eats	EOL:328422	Dicrostonyx torquatus	GEONAMES:3425505	Greenland					Jensen & Christensen (Eds) 2003. The Biodiversity of Greenland - A Country Study. Technical Report 55.  Pinngortitaleriffik, Grønlands Naturinstitut. 165 pp	
EOL:1036388	Nyctea scandiaca	RO:0002470	eats	EOL:8001	Laridae	GEONAMES:3425505	Greenland					Jensen & Christensen (Eds) 2003. The Biodiversity of Greenland - A Country Study. Technical Report 55.  Pinngortitaleriffik, Grønlands Naturinstitut. 165 pp	
EOL:1036388	Nyctea scandiaca	RO:0002470	eats	EOL:1049625	Pagophila eburnea	GEONAMES:3425505	Greenland					Jensen & Christensen (Eds) 2003. The Biodiversity of Greenland - A Country Study. Technical Report 55.  Pinngortitaleriffik, Grønlands Naturinstitut. 165 pp	
EOL:1036388	Nyctea scandiaca	RO:0002470	eats	EOL:20224	Uria	GEONAMES:3425505	Greenland					Jensen & Christensen (Eds) 2003. The Biodiversity of Greenland - A Country Study. Technical Report 55.  Pinngortitaleriffik, Grønlands Naturinstitut. 165 pp	
EOL:328627	Odobenus rosmarus	RO:0002470	eats	EOL:2215	bivalve	GEONAMES:3425505	Greenland					Jensen & Christensen (Eds) 2003. The Biodiversity of Greenland - A Country Study. Technical Report 55.  Pinngortitaleriffik, Grønlands Naturinstitut. 165 pp	
EOL:328627	Odobenus rosmarus	RO:0002470	eats	EOL:2773824	Tunicata	GEONAMES:3425505	Greenland					Jensen & Christensen (Eds) 2003. The Biodiversity of Greenland - A Country Study. Technical Report 55.  Pinngortitaleriffik, Grønlands Naturinstitut. 165 pp	
EOL:728407	Oedemagena tarandi	RO:0002445	parasitizes	EOL:328653	Rangifer tarandus	GEONAMES:3425505	Greenland					Jensen & Christensen (Eds) 2003. The Biodiversity of Greenland - A Country Study. Technical Report 55.  Pinngortitaleriffik, Grønlands Naturinstitut. 165 pp	
EOL:1037051	Ommatokoita elongata	RO:0002445	parasitizes	EOL:205932	Somniosus microcephalus	GEONAMES:3425505	Greenland					Jensen & Christensen (Eds) 2003. The Biodiversity of Greenland - A Country Study. Technical Report 55.  Pinngortitaleriffik, Grønlands Naturinstitut. 165 pp	
EOL:328534	Orcinus orca	RO:0002470	eats	EOL:24549	Ammodytes	GEONAMES:3425505	Greenland					Jensen & Christensen (Eds) 2003. The Biodiversity of Greenland - A Country Study. Technical Report 55.  Pinngortitaleriffik, Grønlands Naturinstitut. 165 pp	
EOL:328534	Orcinus orca	RO:0002470	eats	EOL:222376	Anarchichas lupus	GEONAMES:3425505	Greenland					Jensen & Christensen (Eds) 2003. The Biodiversity of Greenland - A Country Study. Technical Report 55.  Pinngortitaleriffik, Grønlands Naturinstitut. 165 pp	
EOL:328534	Orcinus orca	RO:0002470	eats	EOL:2312	cephalopod	GEONAMES:3425505	Greenland					Jensen & Christensen (Eds) 2003. The Biodiversity of Greenland - A Country Study. Technical Report 55.  Pinngortitaleriffik, Grønlands Naturinstitut. 165 pp	
EOL:328534	Orcinus orca	RO:0002470	eats	EOL:328541	Delphinapterus leucas	GEONAMES:3425505	Greenland					Jensen & Christensen (Eds) 2003. The Biodiversity of Greenland - A Country Study. Technical Report 55.  Pinngortitaleriffik, Grønlands Naturinstitut. 165 pp	
EOL:328534	Orcinus orca	RO:0002470	eats	EOL:206692	Gadus morhua	GEONAMES:3425505	Greenland					Jensen & Christensen (Eds) 2003. The Biodiversity of Greenland - A Country Study. Technical Report 55.  Pinngortitaleriffik, Grønlands Naturinstitut. 165 pp	
EOL:328534	Orcinus orca	RO:0002470	eats	EOL:206695	Gadus ogac	GEONAMES:3425505	Greenland					Jensen & Christensen (Eds) 2003. The Biodiversity of Greenland - A Country Study. Technical Report 55.  Pinngortitaleriffik, Grønlands Naturinstitut. 165 pp	
EOL:328534	Orcinus orca	RO:0002470	eats	EOL:211041	Hippoglossoides platessoides	GEONAMES:3425505	Greenland					Jensen & Christensen (Eds) 2003. The Biodiversity of Greenland - A Country Study. Technical Report 55.  Pinngortitaleriffik, Grønlands Naturinstitut. 165 pp	
EOL:328534	Orcinus orca	RO:0002470	eats	EOL:224625	Liparis tunicata	GEONAMES:3425505	Greenland					Jensen & Christensen (Eds) 2003. The Biodiversity of Greenland - A Country Study. Technical Report 55.  Pinngortitaleriffik, Grønlands Naturinstitut. 165 pp	
EOL:328534	Orcinus orca	RO:0002470	eats	EOL:205084	Mallotus villosus	GEONAMES:3425505	Greenland					Jensen & Christensen (Eds) 2003. The Biodiversity of Greenland - A Country Study. Technical Report 55.  Pinngortitaleriffik, Grønlands Naturinstitut. 165 pp	
EOL:328534	Orcinus orca	RO:0002470	eats	EOL:328575	Megaptera novaengliae	GEONAMES:3425505	Greenland					Jensen & Christensen (Eds) 2003. The Biodiversity of Greenland - A Country Study. Technical Report 55.  Pinngortitaleriffik, Grønlands Naturinstitut. 165 pp	
EOL:328534	Orcinus orca	RO:0002470	eats	EOL:328542	Monodon monoceros	GEONAMES:3425505	Greenland					Jensen & Christensen (Eds) 2003. The Biodiversity of Greenland - A Country Study. Technical Report 55.  Pinngortitaleriffik, Grønlands Naturinstitut. 165 pp	
EOL:328534	Orcinus orca	RO:0002470	eats	EOL:328627	Odobenus rosmarus	GEONAMES:3425505	Greenland					Jensen & Christensen (Eds) 2003. The Biodiversity of Greenland - A Country Study. Technical Report 55.  Pinngortitaleriffik, Grønlands Naturinstitut. 165 pp	
EOL:328534	Orcinus orca	RO:0002470	eats	EOL:212353	Pholis gunellus	GEONAMES:3425505	Greenland					Jensen & Christensen (Eds) 2003. The Biodiversity of Greenland - A Country Study. Technical Report 55.  Pinngortitaleriffik, Grønlands Naturinstitut. 165 pp	
EOL:328534	Orcinus orca	RO:0002470	eats	EOL:1156463	Salvelinus alpinus	GEONAMES:3425505	Greenland					Jensen & Christensen (Eds) 2003. The Biodiversity of Greenland - A Country Study. Technical Report 55.  Pinngortitaleriffik, Grønlands Naturinstitut. 165 pp	
EOL:328534	Orcinus orca	RO:0002470	eats	EOL:994490	Sebastes marinus	GEONAMES:3425505	Greenland					Jensen & Christensen (Eds) 2003. The Biodiversity of Greenland - A Country Study. Technical Report 55.  Pinngortitaleriffik, Grønlands Naturinstitut. 165 pp	
EOL:328656	Ovibos moschatus	RO:0002470	eats	EOL:8211	Cyperaceae	GEONAMES:3425505	Greenland					Jensen & Christensen (Eds) 2003. The Biodiversity of Greenland - A Country Study. Technical Report 55.  Pinngortitaleriffik, Grønlands Naturinstitut. 165 pp	
EOL:328656	Ovibos moschatus	RO:0002470	eats	EOL:8223	Poaceae	GEONAMES:3425505	Greenland					Jensen & Christensen (Eds) 2003. The Biodiversity of Greenland - A Country Study. Technical Report 55.  Pinngortitaleriffik, Grønlands Naturinstitut. 165 pp	
EOL:328656	Ovibos moschatus	RO:0002470	eats	EOL:32667	Salix	GEONAMES:3425505	Greenland					Jensen & Christensen (Eds) 2003. The Biodiversity of Greenland - A Country Study. Technical Report 55.  Pinngortitaleriffik, Grønlands Naturinstitut. 165 pp	
EOL:39510	Ovis	RO:0002470	eats	EOL:44475	Betula	GEONAMES:3425505	Greenland					Jensen & Christensen (Eds) 2003. The Biodiversity of Greenland - A Country Study. Technical Report 55.  Pinngortitaleriffik, Grønlands Naturinstitut. 165 pp	
EOL:39510	Ovis	RO:0002470	eats	EOL:8223	Poaceae	GEONAMES:3425505	Greenland					Jensen & Christensen (Eds) 2003. The Biodiversity of Greenland - A Country Study. Technical Report 55.  Pinngortitaleriffik, Grønlands Naturinstitut. 165 pp	
EOL:39510	Ovis	RO:0002470	eats	EOL:32667	Salix	GEONAMES:3425505	Greenland					Jensen & Christensen (Eds) 2003. The Biodiversity of Greenland - A Country Study. Technical Report 55.  Pinngortitaleriffik, Grønlands Naturinstitut. 165 pp	
EOL:1238185	peregrine falcon	RO:0002470	eats	EOL:328422	Dicrostonyx torquatus	GEONAMES:3425505	Greenland					Jensen & Christensen (Eds) 2003. The Biodiversity of Greenland - A Country Study. Technical Report 55.  Pinngortitaleriffik, Grønlands Naturinstitut. 165 pp
	
EOL:16311	Phellinus	RO:0002445	parasitizes	EOL:107300	Alnus	GEONAMES:3425505	Greenland					Jensen & Christensen (Eds) 2003. The Biodiversity of Greenland - A Country Study. Technical Report 55.  Pinngortitaleriffik, Grønlands Naturinstitut. 165 pp	
EOL:16311	Phellinus	RO:0002445	parasitizes	EOL:44475	Betula	GEONAMES:3425505	Greenland					Jensen & Christensen (Eds) 2003. The Biodiversity of Greenland - A Country Study. Technical Report 55.  Pinngortitaleriffik, Grønlands Naturinstitut. 165 pp	
EOL:328629	Phoca vitulina	RO:0002470	eats	EOL:847095	Clupea harengus	GEONAMES:3425505	Greenland					Jensen & Christensen (Eds) 2003. The Biodiversity of Greenland - A Country Study. Technical Report 55.  Pinngortitaleriffik, Grønlands Naturinstitut. 165 pp	
EOL:328629	Phoca vitulina	RO:0002470	eats	EOL:211041	Hippoglossoides platessoides	GEONAMES:3425505	Greenland					Jensen & Christensen (Eds) 2003. The Biodiversity of Greenland - A Country Study. Technical Report 55.  Pinngortitaleriffik, Grønlands Naturinstitut. 165 pp	
EOL:328629	Phoca vitulina	RO:0002470	eats	EOL:205084	Mallotus villosus	GEONAMES:3425505	Greenland					Jensen & Christensen (Eds) 2003. The Biodiversity of Greenland - A Country Study. Technical Report 55.  Pinngortitaleriffik, Grønlands Naturinstitut. 165 pp	
EOL:328629	Phoca vitulina	RO:0002470	eats	EOL:206776	Salmo salar	GEONAMES:3425505	Greenland					Jensen & Christensen (Eds) 2003. The Biodiversity of Greenland - A Country Study. Technical Report 55.  Pinngortitaleriffik, Grønlands Naturinstitut. 165 pp	
EOL:328547	Physeter catodon	RO:0002470	eats	EOL:2312	cephalopod	GEONAMES:3425505	Greenland					Jensen & Christensen (Eds) 2003. The Biodiversity of Greenland - A Country Study. Technical Report 55.  Pinngortitaleriffik, Grønlands Naturinstitut. 165 pp	
EOL:328547	Physeter catodon	RO:0002470	eats	EOL:24884	Raja	GEONAMES:3425505	Greenland					Jensen & Christensen (Eds) 2003. The Biodiversity of Greenland - A Country Study. Technical Report 55.  Pinngortitaleriffik, Grønlands Naturinstitut. 165 pp	
EOL:328547	Physeter catodon	RO:0002470	eats	EOL:205932	shark	GEONAMES:3425505	Greenland					Jensen & Christensen (Eds) 2003. The Biodiversity of Greenland - A Country Study. Technical Report 55.  Pinngortitaleriffik, Grønlands Naturinstitut. 165 pp	
EOL:1052768	Plectrophenax nivalis	RO:0002470	eats	EOL:482	Chironomidae	GEONAMES:3425505	Greenland					Jensen & Christensen (Eds) 2003. The Biodiversity of Greenland - A Country Study. Technical Report 55.  Pinngortitaleriffik, Grønlands Naturinstitut. 165 pp	
EOL:1052768	Plectrophenax nivalis	RO:0002470	eats	EOL:482	Chironomidae	GEONAMES:3425505	Greenland					Jensen & Christensen (Eds) 2003. The Biodiversity of Greenland - A Country Study. Technical Report 55.  Pinngortitaleriffik, Grønlands Naturinstitut. 165 pp	
EOL:585386	Polygonum viviparum		cooccurs	EOL:5664	basidiomycete	GEONAMES:3425505	Greenland					Jensen & Christensen (Eds) 2003. The Biodiversity of Greenland - A Country Study. Technical Report 55.  Pinngortitaleriffik, Grønlands Naturinstitut. 165 pp	
EOL:730023	Protophormia terranovae	RO:0002445	parasitizes	EOL:39510	Ovis	GEONAMES:3425505	Greenland					Jensen & Christensen (Eds) 2003. The Biodiversity of Greenland - A Country Study. Technical Report 55.  Pinngortitaleriffik, Grønlands Naturinstitut. 165 pp	
EOL:629	Psylloidea	RO:0002470	eats	EOL:8211	Cyperaceae	GEONAMES:3425505	Greenland					Jensen & Christensen (Eds) 2003. The Biodiversity of Greenland - A Country Study. Technical Report 55.  Pinngortitaleriffik, Grønlands Naturinstitut. 165 pp	
EOL:629	Psylloidea	RO:0002470	eats	EOL:8223	Poaceae	GEONAMES:3425505	Greenland					Jensen & Christensen (Eds) 2003. The Biodiversity of Greenland - A Country Study. Technical Report 55.  Pinngortitaleriffik, Grønlands Naturinstitut. 165 pp	
EOL:629	Psylloidea	RO:0002470	eats	EOL:32667	Salix	GEONAMES:3425505	Greenland					Jensen & Christensen (Eds) 2003. The Biodiversity of Greenland - A Country Study. Technical Report 55.  Pinngortitaleriffik, Grønlands Naturinstitut. 165 pp	
EOL:1547	Pycnogonida	RO:0002470	eats	EOL:1745	Cnidaria	GEONAMES:3425505	Greenland					Jensen & Christensen (Eds) 2003. The Biodiversity of Greenland - A Country Study. Technical Report 55.  Pinngortitaleriffik, Grønlands Naturinstitut. 165 pp	
EOL:24884	Raja	RO:0002470	eats	EOL:2215	bivalve	GEONAMES:3425505	Greenland					Jensen & Christensen (Eds) 2003. The Biodiversity of Greenland - A Country Study. Technical Report 55.  Pinngortitaleriffik, Grønlands Naturinstitut. 165 pp	
EOL:328653	Rangifer tarandus	RO:0002470	eats	EOL:8211	Cyperaceae	GEONAMES:3425505	Greenland					Jensen & Christensen (Eds) 2003. The Biodiversity of Greenland - A Country Study. Technical Report 55.  Pinngortitaleriffik, Grønlands Naturinstitut. 165 pp	
EOL:328653	Rangifer tarandus	RO:0002470	eats		lichen	GEONAMES:3425505	Greenland					Jensen & Christensen (Eds) 2003. The Biodiversity of Greenland - A Country Study. Technical Report 55.  Pinngortitaleriffik, Grønlands Naturinstitut. 165 pp	
EOL:328653	Rangifer tarandus	RO:0002470	eats	EOL:8223	Poaceae	GEONAMES:3425505	Greenland					Jensen & Christensen (Eds) 2003. The Biodiversity of Greenland - A Country Study. Technical Report 55.  Pinngortitaleriffik, Grønlands Naturinstitut. 165 pp	
EOL:223542	Reinhardtius hippoglossoides	RO:0002470	eats	EOL:2215	bivalve	GEONAMES:3425505	Greenland					Jensen & Christensen (Eds) 2003. The Biodiversity of Greenland - A Country Study. Technical Report 55.  Pinngortitaleriffik, Grønlands Naturinstitut. 165 pp	
EOL:32667	Salix		cooccurs	EOL:107300	Alnus	GEONAMES:3425505	Greenland					Jensen & Christensen (Eds) 2003. The Biodiversity of Greenland - A Country Study. Technical Report 55.  Pinngortitaleriffik, Grønlands Naturinstitut. 165 pp	
EOL:32667	Salix		cooccurs	EOL:5664	basidiomycete	GEONAMES:3425505	Greenland					Jensen & Christensen (Eds) 2003. The Biodiversity of Greenland - A Country Study. Technical Report 55.  Pinngortitaleriffik, Grønlands Naturinstitut. 165 pp	
EOL:32667	Salix		cooccurs	EOL:1114261	Calamagrostis langsdorfii	GEONAMES:3425505	Greenland					Jensen & Christensen (Eds) 2003. The Biodiversity of Greenland - A Country Study. Technical Report 55.  Pinngortitaleriffik, Grønlands Naturinstitut. 165 pp	
EOL:32667	Salix		habitatFor	EOL:1052765	Calcarius lapponicus	GEONAMES:3425505	Greenland					Jensen & Christensen (Eds) 2003. The Biodiversity of Greenland - A Country Study. Technical Report 55.  Pinngortitaleriffik, Grønlands Naturinstitut. 165 pp	
EOL:32667	Salix		habitatFor	EOL:13736	Carduelis	GEONAMES:3425505	Greenland					Jensen & Christensen (Eds) 2003. The Biodiversity of Greenland - A Country Study. Technical Report 55.  Pinngortitaleriffik, Grønlands Naturinstitut. 165 pp	
EOL:32667	Salix		cooccurs	EOL:597243	Gymnocarpium dryopteris	GEONAMES:3425505	Greenland					Jensen & Christensen (Eds) 2003. The Biodiversity of Greenland - A Country Study. Technical Report 55.  Pinngortitaleriffik, Grønlands Naturinstitut. 165 pp	
EOL:32667	Salix		cooccurs	EOL:586669	Harrimanella hypnoides	GEONAMES:3425505	Greenland					Jensen & Christensen (Eds) 2003. The Biodiversity of Greenland - A Country Study. Technical Report 55.  Pinngortitaleriffik, Grønlands Naturinstitut. 165 pp	
EOL:32667	Salix		cooccurs	EOL:626958	Sibbaldia procumbens	GEONAMES:3425505	Greenland					Jensen & Christensen (Eds) 2003. The Biodiversity of Greenland - A Country Study. Technical Report 55.  Pinngortitaleriffik, Grønlands Naturinstitut. 165 pp	
EOL:206776	Salmo salar	RO:0002470	eats	EOL:24549	Ammodytes	GEONAMES:3425505	Greenland					Jensen & Christensen (Eds) 2003. The Biodiversity of Greenland - A Country Study. Technical Report 55.  Pinngortitaleriffik, Grønlands Naturinstitut. 165 pp	
EOL:206776	Salmo salar	RO:0002470	eats	EOL:2604866	crab	GEONAMES:3425505	Greenland					Jensen & Christensen (Eds) 2003. The Biodiversity of Greenland - A Country Study. Technical Report 55.  Pinngortitaleriffik, Grønlands Naturinstitut. 165 pp	
EOL:206776	Salmo salar	RO:0002470	eats	EOL:473	Culicidae	GEONAMES:3425505	Greenland					Jensen & Christensen (Eds) 2003. The Biodiversity of Greenland - A Country Study. Technical Report 55.  Pinngortitaleriffik, Grønlands Naturinstitut. 165 pp	
EOL:206776	Salmo salar	RO:0002470	eats	EOL:1278	Euphausiacea	GEONAMES:3425505	Greenland					Jensen & Christensen (Eds) 2003. The Biodiversity of Greenland - A Country Study. Technical Report 55.  Pinngortitaleriffik, Grønlands Naturinstitut. 165 pp	
EOL:206776	Salmo salar	RO:0002470	eats	EOL:205084	Mallotus villosus	GEONAMES:3425505	Greenland					Jensen & Christensen (Eds) 2003. The Biodiversity of Greenland - A Country Study. Technical Report 55.  Pinngortitaleriffik, Grønlands Naturinstitut. 165 pp	
EOL:206776	Salmo salar	RO:0002470	eats	EOL:318602	Pandalus borealis	GEONAMES:3425505	Greenland					Jensen & Christensen (Eds) 2003. The Biodiversity of Greenland - A Country Study. Technical Report 55.  Pinngortitaleriffik, Grønlands Naturinstitut. 165 pp	
EOL:1156463	Salvelinus alpinus	RO:0002470	eats	EOL:482	Chironomidae	GEONAMES:3425505	Greenland					Jensen & Christensen (Eds) 2003. The Biodiversity of Greenland - A Country Study. Technical Report 55.  Pinngortitaleriffik, Grønlands Naturinstitut. 165 pp	
EOL:1156463	Salvelinus alpinus	RO:0002470	eats	EOL:473	Culicidae	GEONAMES:3425505	Greenland					Jensen & Christensen (Eds) 2003. The Biodiversity of Greenland - A Country Study. Technical Report 55.  Pinngortitaleriffik, Grønlands Naturinstitut. 165 pp	
EOL:1062	Siphonaptera	RO:0002445	parasitizes	EOL:1053894	Alopex lagopus	GEONAMES:3425505	Greenland					Jensen & Christensen (Eds) 2003. The Biodiversity of Greenland - A Country Study. Technical Report 55.  Pinngortitaleriffik, Grønlands Naturinstitut. 165 pp	
EOL:1062	Siphonaptera	RO:0002445	parasitizes	EOL:1052765	Calcarius lapponicus	GEONAMES:3425505	Greenland					Jensen & Christensen (Eds) 2003. The Biodiversity of Greenland - A Country Study. Technical Report 55.  Pinngortitaleriffik, Grønlands Naturinstitut. 165 pp	
EOL:1062	Siphonaptera	RO:0002445	parasitizes	EOL:13736	Carduelis	GEONAMES:3425505	Greenland					Jensen & Christensen (Eds) 2003. The Biodiversity of Greenland - A Country Study. Technical Report 55.  Pinngortitaleriffik, Grønlands Naturinstitut. 165 pp	
EOL:1062	Siphonaptera	RO:0002445	parasitizes	EOL:328422	Dicrostonyx torquatus	GEONAMES:3425505	Greenland					Jensen & Christensen (Eds) 2003. The Biodiversity of Greenland - A Country Study. Technical Report 55.  Pinngortitaleriffik, Grønlands Naturinstitut. 165 pp	
EOL:1062	Siphonaptera	RO:0002445	parasitizes	EOL:8001	Laridae	GEONAMES:3425505	Greenland					Jensen & Christensen (Eds) 2003. The Biodiversity of Greenland - A Country Study. Technical Report 55.  Pinngortitaleriffik, Grønlands Naturinstitut. 165 pp	
EOL:1062	Siphonaptera	RO:0002445	parasitizes	EOL:988114	Lepus arcticus	GEONAMES:3425505	Greenland					Jensen & Christensen (Eds) 2003. The Biodiversity of Greenland - A Country Study. Technical Report 55.  Pinngortitaleriffik, Grønlands Naturinstitut. 165 pp	
EOL:1062	Siphonaptera	RO:0002445	parasitizes	EOL:328587	Mustela erminea	GEONAMES:3425505	Greenland					Jensen & Christensen (Eds) 2003. The Biodiversity of Greenland - A Country Study. Technical Report 55.  Pinngortitaleriffik, Grønlands Naturinstitut. 165 pp	
EOL:1062	Siphonaptera	RO:0002445	parasitizes	EOL:1052768	Plectrophenax nivalis	GEONAMES:3425505	Greenland					Jensen & Christensen (Eds) 2003. The Biodiversity of Greenland - A Country Study. Technical Report 55.  Pinngortitaleriffik, Grønlands Naturinstitut. 165 pp	
EOL:1062	Siphonaptera	RO:0002445	parasitizes	EOL:34444	Somateria	GEONAMES:3425505	Greenland					Jensen & Christensen (Eds) 2003. The Biodiversity of Greenland - A Country Study. Technical Report 55.  Pinngortitaleriffik, Grønlands Naturinstitut. 165 pp	
EOL:34444	Somateria	RO:0002470	eats	EOL:1158	amphipod	GEONAMES:3425505	Greenland					Jensen & Christensen (Eds) 2003. The Biodiversity of Greenland - A Country Study. Technical Report 55.  Pinngortitaleriffik, Grønlands Naturinstitut. 165 pp	
EOL:34444	Somateria	RO:0002470	eats	EOL:402747	Cardium cilatum	GEONAMES:3425505	Greenland					Jensen & Christensen (Eds) 2003. The Biodiversity of Greenland - A Country Study. Technical Report 55.  Pinngortitaleriffik, Grønlands Naturinstitut. 165 pp	
EOL:34444	Somateria	RO:0002470	eats	EOL:2604866	crab	GEONAMES:3425505	Greenland					Jensen & Christensen (Eds) 2003. The Biodiversity of Greenland - A Country Study. Technical Report 55.  Pinngortitaleriffik, Grønlands Naturinstitut. 165 pp	
EOL:34444	Somateria	RO:0002470	eats	EOL:2598871	Crustacea	GEONAMES:3425505	Greenland					Jensen & Christensen (Eds) 2003. The Biodiversity of Greenland - A Country Study. Technical Report 55.  Pinngortitaleriffik, Grønlands Naturinstitut. 165 pp	
EOL:34444	Somateria	RO:0002470	eats	EOL:1278	Euphausiacea	GEONAMES:3425505	Greenland					Jensen & Christensen (Eds) 2003. The Biodiversity of Greenland - A Country Study. Technical Report 55.  Pinngortitaleriffik, Grønlands Naturinstitut. 165 pp	
EOL:34444	Somateria	RO:0002470	eats	EOL:482	Chironomidae	GEONAMES:3425505	Greenland					Jensen & Christensen (Eds) 2003. The Biodiversity of Greenland - A Country Study. Technical Report 55.  Pinngortitaleriffik, Grønlands Naturinstitut. 165 pp	
EOL:34444	Somateria	RO:0002470	eats	EOL:619397	Littorina obtusata	GEONAMES:3425505	Greenland					Jensen & Christensen (Eds) 2003. The Biodiversity of Greenland - A Country Study. Technical Report 55.  Pinngortitaleriffik, Grønlands Naturinstitut. 165 pp	
EOL:34444	Somateria	RO:0002470	eats	EOL:619494	Margarita helicina	GEONAMES:3425505	Greenland					Jensen & Christensen (Eds) 2003. The Biodiversity of Greenland - A Country Study. Technical Report 55.  Pinngortitaleriffik, Grønlands Naturinstitut. 165 pp	
EOL:34444	Somateria	RO:0002470	eats	EOL:492905	Mya truncata	GEONAMES:3425505	Greenland					Jensen & Christensen (Eds) 2003. The Biodiversity of Greenland - A Country Study. Technical Report 55.  Pinngortitaleriffik, Grønlands Naturinstitut. 165 pp	
EOL:34444	Somateria	RO:0002470	eats	EOL:502990	Nucella lapillus	GEONAMES:3425505	Greenland					Jensen & Christensen (Eds) 2003. The Biodiversity of Greenland - A Country Study. Technical Report 55.  Pinngortitaleriffik, Grønlands Naturinstitut. 165 pp	
EOL:34444	Somateria	RO:0002470	eats	EOL:449116	Serripes groenlandicus	GEONAMES:3425505	Greenland					Jensen & Christensen (Eds) 2003. The Biodiversity of Greenland - A Country Study. Technical Report 55.  Pinngortitaleriffik, Grønlands Naturinstitut. 165 pp	
EOL:205932	Somniosus microcephalus	RO:0002471	eats	EOL:1049773	Alle alle	GEONAMES:3425505	Greenland						http://eol.org/data_objects/31266344
EOL:205932	Somniosus microcephalus	RO:0002470	eats	EOL:24549	Ammodytes	GEONAMES:3425505	Greenland						http://eol.org/data_objects/31266344
EOL:205932	Somniosus microcephalus	RO:0002470	eats	EOL:222376	Anarchichas lupus	GEONAMES:3425505	Greenland						http://eol.org/data_objects/31266344
EOL:205932	Somniosus microcephalus	RO:0002470	eats		carrion	GEONAMES:3425505	Greenland						http://eol.org/data_objects/31266344
EOL:205932	Somniosus microcephalus	RO:0002470	eats	EOL:2604866	crab	GEONAMES:3425505	Greenland						http://eol.org/data_objects/31266344
EOL:205932	Somniosus microcephalus	RO:0002470	eats	EOL:328631	Erignathus barbatus	GEONAMES:3425505	Greenland						http://eol.org/data_objects/31266344
EOL:205932	Somniosus microcephalus	RO:0002472	eats	EOL:1049938	Fratercula arctica	GEONAMES:3425505	Greenland						http://eol.org/data_objects/31266344
EOL:205932	Somniosus microcephalus	RO:0002470	eats	EOL:206692	Gadus morhua	GEONAMES:3425505	Greenland						http://eol.org/data_objects/31266344
EOL:205932	Somniosus microcephalus	RO:0002470	eats	EOL:206695	Gadus ogac	GEONAMES:3425505	Greenland						http://eol.org/data_objects/31266344
EOL:205932	Somniosus microcephalus	RO:0002470	eats	EOL:211041	Hippoglossoides platessoides	GEONAMES:3425505	Greenland						http://eol.org/data_objects/31266344
EOL:205932	Somniosus microcephalus	RO:0002473	eats	EOL:8001	Laridae	GEONAMES:3425505	Greenland						http://eol.org/data_objects/31266344
EOL:205932	Somniosus microcephalus	RO:0002470	eats	EOL:224625	Liparis tunicata	GEONAMES:3425505	Greenland						http://eol.org/data_objects/31266344
EOL:205932	Somniosus microcephalus	RO:0002470	eats	EOL:205084	Mallotus villosus	GEONAMES:3425505	Greenland						http://eol.org/data_objects/31266344
EOL:205932	Somniosus microcephalus	RO:0002470	eats	EOL:328629	Phoca vitulina	GEONAMES:3425505	Greenland						http://eol.org/data_objects/31266344
EOL:205932	Somniosus microcephalus	RO:0002470	eats	EOL:212353	Pholis gunellus	GEONAMES:3425505	Greenland						http://eol.org/data_objects/31266344
EOL:205932	Somniosus microcephalus	RO:0002470	eats	EOL:1156463	Salvelinus alpinus	GEONAMES:3425505	Greenland						http://eol.org/data_objects/31266344
EOL:205932	Somniosus microcephalus	RO:0002470	eats	EOL:994490	Sebastes marinus	GEONAMES:3425505	Greenland						http://eol.org/data_objects/31266344
EOL:205932	Somniosus microcephalus	RO:0002474	eats	EOL:34444	Somateria	GEONAMES:3425505	Greenland						http://eol.org/data_objects/31266344
EOL:205932	Somniosus microcephalus	RO:0002475	eats	EOL:20224	Uria	GEONAMES:3425505	Greenland						http://eol.org/data_objects/31266344
EOL:205932	Somniosus microcephalus	RO:0002470	eats	EOL:223486	Arctogadus glacialis	GEONAMES:3425505	Greenland						http://eol.org/data_objects/31422853
EOL:205932	Somniosus microcephalus	RO:0002470	eats	EOL:203867	Boreogadus saida	GEONAMES:3425505	Greenland						http://eol.org/data_objects/31422853
EOL:205932	Somniosus microcephalus	RO:0002470	eats	EOL:847095	Clupea harengus	GEONAMES:3425505	Greenland						http://eol.org/data_objects/31422853
EOL:205932	Somniosus microcephalus	RO:0002470	eats	EOL:5146	Cottidae	GEONAMES:3425505	Greenland						http://eol.org/data_objects/31422853
EOL:205932	Somniosus microcephalus	RO:0002470	eats	EOL:1011820	Cyclopterus lumpus	GEONAMES:3425505	Greenland						http://eol.org/data_objects/31422853
EOL:205932	Somniosus microcephalus	RO:0002470	eats	EOL:24884	Raja	GEONAMES:3425505	Greenland						http://eol.org/data_objects/31422853
EOL:205932	Somniosus microcephalus	RO:0002470	eats	EOL:223542	Reinhardtius hippoglossoides	GEONAMES:3425505	Greenland						http://eol.org/data_objects/31422853
EOL:205932	Somniosus microcephalus	RO:0002470	eats	EOL:206776	Salmo salar	GEONAMES:3425505	Greenland						http://eol.org/data_objects/31422853
EOL:1927	starfish	RO:0002470	eats	EOL:2215	bivalve	GEONAMES:3425505	Greenland					Jensen & Christensen (Eds) 2003. The Biodiversity of Greenland - A Country Study. Technical Report 55.  Pinngortitaleriffik, Grønlands Naturinstitut. 165 pp	
EOL:1927	starfish	RO:0002470	eats	EOL:1926	Echinodermata	GEONAMES:3425505	Greenland					Jensen & Christensen (Eds) 2003. The Biodiversity of Greenland - A Country Study. Technical Report 55.  Pinngortitaleriffik, Grønlands Naturinstitut. 165 pp	
EOL:18562	Stercorarius	RO:0002470	eats	EOL:328422	Dicrostonyx torquatus	GEONAMES:3425505	Greenland					Jensen & Christensen (Eds) 2003. The Biodiversity of Greenland - A Country Study. Technical Report 55.  Pinngortitaleriffik, Grønlands Naturinstitut. 165 pp	
EOL:475004	Sympistis zetterstedtii	RO:0002470	eats	EOL:629466	Dryas integrifolia	GEONAMES:3425505	Greenland					Jensen & Christensen (Eds) 2003. The Biodiversity of Greenland - A Country Study. Technical Report 55.  Pinngortitaleriffik, Grønlands Naturinstitut. 165 pp	
EOL:2926813	Trichinella spiralis	RO:0002445	parasitizes	EOL:1053894	Alopex lagopus	GEONAMES:3425505	Greenland					Jensen & Christensen (Eds) 2003. The Biodiversity of Greenland - A Country Study. Technical Report 55.  Pinngortitaleriffik, Grønlands Naturinstitut. 165 pp	
EOL:2926813	Trichinella spiralis	RO:0002445	parasitizes	EOL:328577	Balaena mysticetus	GEONAMES:3425505	Greenland					Jensen & Christensen (Eds) 2003. The Biodiversity of Greenland - A Country Study. Technical Report 55.  Pinngortitaleriffik, Grønlands Naturinstitut. 165 pp	
EOL:2926813	Trichinella spiralis	RO:0002445	parasitizes	EOL:328570	Balaenoptera acutorostrata	GEONAMES:3425505	Greenland					Jensen & Christensen (Eds) 2003. The Biodiversity of Greenland - A Country Study. Technical Report 55.  Pinngortitaleriffik, Grønlands Naturinstitut. 165 pp	
EOL:2926813	Trichinella spiralis	RO:0002445	parasitizes	EOL:328574	Balanoptera musculus	GEONAMES:3425505	Greenland					Jensen & Christensen (Eds) 2003. The Biodiversity of Greenland - A Country Study. Technical Report 55.  Pinngortitaleriffik, Grønlands Naturinstitut. 165 pp	
EOL:2926813	Trichinella spiralis	RO:0002445	parasitizes	EOL:328541	Delphinapterus leucas	GEONAMES:3425505	Greenland					Jensen & Christensen (Eds) 2003. The Biodiversity of Greenland - A Country Study. Technical Report 55.  Pinngortitaleriffik, Grønlands Naturinstitut. 165 pp	
EOL:2926813	Trichinella spiralis	RO:0002445	parasitizes	EOL:328631	Erignathus barbatus	GEONAMES:3425505	Greenland					Jensen & Christensen (Eds) 2003. The Biodiversity of Greenland - A Country Study. Technical Report 55.  Pinngortitaleriffik, Grønlands Naturinstitut. 165 pp	
EOL:2926813	Trichinella spiralis	RO:0002445	parasitizes	EOL:311790	Globicephala maelaena	GEONAMES:3425505	Greenland					Jensen & Christensen (Eds) 2003. The Biodiversity of Greenland - A Country Study. Technical Report 55.  Pinngortitaleriffik, Grønlands Naturinstitut. 165 pp	
EOL:2926813	Trichinella spiralis	RO:0002445	parasitizes	EOL:328575	Megaptera novaengliae	GEONAMES:3425505	Greenland					Jensen & Christensen (Eds) 2003. The Biodiversity of Greenland - A Country Study. Technical Report 55.  Pinngortitaleriffik, Grønlands Naturinstitut. 165 pp	
EOL:2926813	Trichinella spiralis	RO:0002445	parasitizes	EOL:328542	Monodon monoceros	GEONAMES:3425505	Greenland					Jensen & Christensen (Eds) 2003. The Biodiversity of Greenland - A Country Study. Technical Report 55.  Pinngortitaleriffik, Grønlands Naturinstitut. 165 pp	
EOL:2926813	Trichinella spiralis	RO:0002445	parasitizes	EOL:328627	Odobenus rosmarus	GEONAMES:3425505	Greenland					Jensen & Christensen (Eds) 2003. The Biodiversity of Greenland - A Country Study. Technical Report 55.  Pinngortitaleriffik, Grønlands Naturinstitut. 165 pp	
EOL:2926813	Trichinella spiralis	RO:0002445	parasitizes	EOL:328629	Phoca vitulina	GEONAMES:3425505	Greenland					Jensen & Christensen (Eds) 2003. The Biodiversity of Greenland - A Country Study. Technical Report 55.  Pinngortitaleriffik, Grønlands Naturinstitut. 165 pp	
EOL:2926813	Trichinella spiralis	RO:0002445	parasitizes	EOL:328547	Physeter catodon	GEONAMES:3425505	Greenland					Jensen & Christensen (Eds) 2003. The Biodiversity of Greenland - A Country Study. Technical Report 55.  Pinngortitaleriffik, Grønlands Naturinstitut. 165 pp	
EOL:2926813	Trichinella spiralis	RO:0002445	parasitizes	EOL:583654	Ursus maritimus	GEONAMES:3425505	Greenland					Jensen & Christensen (Eds) 2003. The Biodiversity of Greenland - A Country Study. Technical Report 55.  Pinngortitaleriffik, Grønlands Naturinstitut. 165 pp	
EOL:20224	Uria	RO:0002470	eats	EOL:2604866	crab	GEONAMES:3425505	Greenland					Jensen & Christensen (Eds) 2003. The Biodiversity of Greenland - A Country Study. Technical Report 55.  Pinngortitaleriffik, Grønlands Naturinstitut. 165 pp	
EOL:20224	Uria	RO:0002470	eats	EOL:1278	Euphausiacea	GEONAMES:3425505	Greenland					Jensen & Christensen (Eds) 2003. The Biodiversity of Greenland - A Country Study. Technical Report 55.  Pinngortitaleriffik, Grønlands Naturinstitut. 165 pp	
EOL:20224	Uria	RO:0002470	eats	EOL:1278	Euphausiacea	GEONAMES:3425505	Greenland					Jensen & Christensen (Eds) 2003. The Biodiversity of Greenland - A Country Study. Technical Report 55.  Pinngortitaleriffik, Grønlands Naturinstitut. 165 pp	
EOL:20224	Uria	RO:0002470	eats	EOL:205084	Mallotus villosus	GEONAMES:3425505	Greenland					Jensen & Christensen (Eds) 2003. The Biodiversity of Greenland - A Country Study. Technical Report 55.  Pinngortitaleriffik, Grønlands Naturinstitut. 165 pp	
EOL:20224	Uria	RO:0002470	eats	EOL:212353	Pholis gunellus	GEONAMES:3425505	Greenland					Jensen & Christensen (Eds) 2003. The Biodiversity of Greenland - A Country Study. Technical Report 55.  Pinngortitaleriffik, Grønlands Naturinstitut. 165 pp	
EOL:328580	Ursus maritimus	RO:0002470	eats	EOL:1049773	Alle alle	GEONAMES:3425505	Greenland					Jensen & Christensen (Eds) 2003. The Biodiversity of Greenland - A Country Study. Technical Report 55.  Pinngortitaleriffik, Grønlands Naturinstitut. 165 pp	
EOL:328580	Ursus maritimus	RO:0002470	eats	EOL:1266357	Anser albifrons flaviostris	GEONAMES:3425505	Greenland					Jensen & Christensen (Eds) 2003. The Biodiversity of Greenland - A Country Study. Technical Report 55.  Pinngortitaleriffik, Grønlands Naturinstitut. 165 pp	
EOL:328580	Ursus maritimus	RO:0002470	eats	EOL:1048460	Anser caerulescens	GEONAMES:3425505	Greenland					Jensen & Christensen (Eds) 2003. The Biodiversity of Greenland - A Country Study. Technical Report 55.  Pinngortitaleriffik, Grønlands Naturinstitut. 165 pp	
EOL:328580	Ursus maritimus	RO:0002470	eats	EOL:1273268	Branta bernicla hrota	GEONAMES:3425505	Greenland					Jensen & Christensen (Eds) 2003. The Biodiversity of Greenland - A Country Study. Technical Report 55.  Pinngortitaleriffik, Grønlands Naturinstitut. 165 pp	
EOL:328580	Ursus maritimus	RO:0002470	eats	EOL:913235	Branta canadensis	GEONAMES:3425505	Greenland					Jensen & Christensen (Eds) 2003. The Biodiversity of Greenland - A Country Study. Technical Report 55.  Pinngortitaleriffik, Grønlands Naturinstitut. 165 pp	
EOL:328580	Ursus maritimus	RO:0002470	eats	EOL:328631	Erignathus barbatus	GEONAMES:3425505	Greenland					Jensen & Christensen (Eds) 2003. The Biodiversity of Greenland - A Country Study. Technical Report 55.  Pinngortitaleriffik, Grønlands Naturinstitut. 165 pp	
EOL:328580	Ursus maritimus	RO:0002470	eats	EOL:1049938	Fratercula arctica	GEONAMES:3425505	Greenland					Jensen & Christensen (Eds) 2003. The Biodiversity of Greenland - A Country Study. Technical Report 55.  Pinngortitaleriffik, Grønlands Naturinstitut. 165 pp	
EOL:328580	Ursus maritimus	RO:0002470	eats	EOL:8001	Laridae	GEONAMES:3425505	Greenland					Jensen & Christensen (Eds) 2003. The Biodiversity of Greenland - A Country Study. Technical Report 55.  Pinngortitaleriffik, Grønlands Naturinstitut. 165 pp	
EOL:328580	Ursus maritimus	RO:0002470	eats	EOL:328629	Phoca vitulina	GEONAMES:3425505	Greenland					Jensen & Christensen (Eds) 2003. The Biodiversity of Greenland - A Country Study. Technical Report 55.  Pinngortitaleriffik, Grønlands Naturinstitut. 165 pp	
EOL:328580	Ursus maritimus	RO:0002470	eats	EOL:34444	Somateria	GEONAMES:3425505	Greenland					Jensen & Christensen (Eds) 2003. The Biodiversity of Greenland - A Country Study. Technical Report 55.  Pinngortitaleriffik, Grønlands Naturinstitut. 165 pp	
EOL:328580	Ursus maritimus	RO:0002470	eats	EOL:20224	Uria	GEONAMES:3425505	Greenland					Jensen & Christensen (Eds) 2003. The Biodiversity of Greenland - A Country Study. Technical Report 55.  Pinngortitaleriffik, Grønlands Naturinstitut. 165 pp	
EOL:583654	Vaccinium uliginosum		cooccurs	EOL:599070	Lycopodium annotinum	GEONAMES:3425505	Greenland					Jensen & Christensen (Eds) 2003. The Biodiversity of Greenland - A Country Study. Technical Report 55.  Pinngortitaleriffik, Grønlands Naturinstitut. 165 pp	
EOL:583654	Vaccinium uliginosum		cooccurs	EOL:38102	Pedicularis	GEONAMES:3425505	Greenland					Jensen & Christensen (Eds) 2003. The Biodiversity of Greenland - A Country Study. Technical Report 55.  Pinngortitaleriffik, Grønlands Naturinstitut. 165 pp	
EOL:583654	Vaccinium uliginosum		cooccurs	EOL:32667	Salix	GEONAMES:3425505	Greenland					Jensen & Christensen (Eds) 2003. The Biodiversity of Greenland - A Country Study. Technical Report 55.  Pinngortitaleriffik, Grønlands Naturinstitut. 165 pp	
EOL:484410	Vaccinium vitis-idaea		cooccurs	EOL:583648	Ledum palustre	GEONAMES:3425505	Greenland					Jensen & Christensen (Eds) 2003. The Biodiversity of Greenland - A Country Study. Technical Report 55.  Pinngortitaleriffik, Grønlands Naturinstitut. 165 pp	
